﻿<?xml version="1.0" encoding="UTF-8"?>
<Form xmlns="http://v8.1c.ru/8.3/xcf/logform" xmlns:app="http://v8.1c.ru/8.2/managed-application/core" xmlns:cfg="http://v8.1c.ru/8.1/data/enterprise/current-config" xmlns:dcscor="http://v8.1c.ru/8.1/data-composition-system/core" xmlns:dcsset="http://v8.1c.ru/8.1/data-composition-system/settings" xmlns:ent="http://v8.1c.ru/8.1/data/enterprise" xmlns:lf="http://v8.1c.ru/8.2/managed-application/logform" xmlns:style="http://v8.1c.ru/8.1/data/ui/style" xmlns:sys="http://v8.1c.ru/8.1/data/ui/fonts/system" xmlns:v8="http://v8.1c.ru/8.1/data/core" xmlns:v8ui="http://v8.1c.ru/8.1/data/ui" xmlns:web="http://v8.1c.ru/8.1/data/ui/colors/web" xmlns:win="http://v8.1c.ru/8.1/data/ui/colors/windows" xmlns:xr="http://v8.1c.ru/8.3/xcf/readable" xmlns:xs="http://www.w3.org/2001/XMLSchema" xmlns:xsi="http://www.w3.org/2001/XMLSchema-instance" version="2.20">
	<Title>
		<v8:item>
			<v8:lang>ru</v8:lang>
			<v8:content>Связанные документы</v8:content>
		</v8:item>
	</Title>
	<AutoTitle>false</AutoTitle>
	<CommandBarLocation>Top</CommandBarLocation>
	<VerticalScroll>useIfNecessary</VerticalScroll>
	<AutoCommandBar name="ФормаКоманднаяПанель" id="-1">
		<ChildItems>
			<Button name="Обновить" id="10">
				<Type>CommandBarButton</Type>
				<Representation>PictureAndText</Representation>
				<SkipOnInput>false</SkipOnInput>
				<CommandName>0</CommandName>
				<Title>
					<v8:item>
						<v8:lang>ru</v8:lang>
						<v8:content>Обновить</v8:content>
					</v8:item>
				</Title>
				<ExtendedTooltip name="ОбновитьРасширеннаяПодсказка" id="17"/>
			</Button>
			<Button name="ВывестиДляТекущего" id="11">
				<Type>CommandBarButton</Type>
				<SkipOnInput>false</SkipOnInput>
				<CommandName>0</CommandName>
				<Title>
					<v8:item>
						<v8:lang>ru</v8:lang>
						<v8:content>Вывести для текущего</v8:content>
					</v8:item>
				</Title>
				<ExtendedTooltip name="ВывестиДляТекущегоРасширеннаяПодсказка" id="18"/>
			</Button>
			<ButtonGroup name="Поиск" id="31">
				<Title>
					<v8:item>
						<v8:lang>ru</v8:lang>
						<v8:content>Поиск</v8:content>
					</v8:item>
				</Title>
				<Representation>Compact</Representation>
				<ExtendedTooltip name="ПоискРасширеннаяПодсказка" id="32"/>
				<ChildItems>
					<Button name="ФормаНайти" id="33">
						<Type>CommandBarButton</Type>
						<Representation>Text</Representation>
						<CommandName>0</CommandName>
						<LocationInCommandBar>InCommandBarAndInAdditionalSubmenu</LocationInCommandBar>
						<ExtendedTooltip name="ФормаНайтиРасширеннаяПодсказка" id="34"/>
					</Button>
					<Button name="ФормаНайтиСледующий" id="35">
						<Type>CommandBarButton</Type>
						<Representation>Picture</Representation>
						<CommandName>0</CommandName>
						<LocationInCommandBar>InCommandBarAndInAdditionalSubmenu</LocationInCommandBar>
						<ExtendedTooltip name="ФормаНайтиСледующийРасширеннаяПодсказка" id="36"/>
					</Button>
				</ChildItems>
			</ButtonGroup>
			<ButtonGroup name="ИзменениеСостояния" id="21">
				<Title>
					<v8:item>
						<v8:lang>ru</v8:lang>
						<v8:content>Изменение состояния</v8:content>
					</v8:item>
				</Title>
				<ExtendedTooltip name="ИзменениеСостоянияРасширеннаяПодсказка" id="22"/>
				<ChildItems>
					<ButtonGroup name="ИзменениеСостоянияДокумента" id="29">
						<Title>
							<v8:item>
								<v8:lang>ru</v8:lang>
								<v8:content>Изменение состояния документа</v8:content>
							</v8:item>
						</Title>
						<Representation>Compact</Representation>
						<ExtendedTooltip name="ИзменениеСостоянияДокументаРасширеннаяПодсказка" id="30"/>
						<ChildItems>
							<Button name="Провести" id="25">
								<Type>CommandBarButton</Type>
								<CommandName>0</CommandName>
								<Title>
									<v8:item>
										<v8:lang>ru</v8:lang>
										<v8:content>Провести</v8:content>
									</v8:item>
								</Title>
								<ExtendedTooltip name="ПровестиРасширеннаяПодсказка" id="26"/>
							</Button>
							<Button name="ОтменитьПроведение" id="27">
								<Type>CommandBarButton</Type>
								<CommandName>0</CommandName>
								<Title>
									<v8:item>
										<v8:lang>ru</v8:lang>
										<v8:content>Отменить проведение</v8:content>
									</v8:item>
								</Title>
								<ExtendedTooltip name="ОтменитьПроведениеРасширеннаяПодсказка" id="28"/>
							</Button>
						</ChildItems>
					</ButtonGroup>
					<Button name="ИзменитьПометкуУдаления" id="23">
						<Type>CommandBarButton</Type>
						<CommandName>0</CommandName>
						<Title>
							<v8:item>
								<v8:lang>ru</v8:lang>
								<v8:content>Пометить на удаление / Снять пометку</v8:content>
							</v8:item>
						</Title>
						<ExtendedTooltip name="ИзменитьПометкуУдаленияРасширеннаяПодсказка" id="24"/>
					</Button>
				</ChildItems>
			</ButtonGroup>
		</ChildItems>
	</AutoCommandBar>
	<ChildItems>
		<UsualGroup name="ГруппаОтчет" id="14">
			<Title>
				<v8:item>
					<v8:lang>ru</v8:lang>
					<v8:content>Отчет</v8:content>
				</v8:item>
			</Title>
			<Group>Vertical</Group>
			<Behavior>Usual</Behavior>
			<Representation>None</Representation>
			<ShowTitle>false</ShowTitle>
			<ExtendedTooltip name="ГруппаОтчетРасширеннаяПодсказка" id="19"/>
			<ChildItems>
				<SpreadSheetDocumentField name="ТаблицаОтчета" id="15">
					<Title>
						<v8:item>
							<v8:lang>ru</v8:lang>
							<v8:content>Таблица отчета</v8:content>
						</v8:item>
					</Title>
					<TitleLocation>None</TitleLocation>
					<VerticalScrollBar>true</VerticalScrollBar>
					<HorizontalScrollBar>true</HorizontalScrollBar>
					<EnableStartDrag>false</EnableStartDrag>
					<EnableDrag>false</EnableDrag>
					<ContextMenu name="ТаблицаОтчетаКонтекстноеМеню" id="16"/>
					<ExtendedTooltip name="ТаблицаОтчетаРасширеннаяПодсказка" id="20"/>
				</SpreadSheetDocumentField>
			</ChildItems>
		</UsualGroup>
	</ChildItems>
	<Attributes/>
	<BaseForm version="2.20">
		<Title>
			<v8:item>
				<v8:lang>ru</v8:lang>
				<v8:content>Связанные документы</v8:content>
			</v8:item>
		</Title>
		<AutoTitle>false</AutoTitle>
		<CommandBarLocation>Top</CommandBarLocation>
		<VerticalScroll>useIfNecessary</VerticalScroll>
		<AutoCommandBar name="ФормаКоманднаяПанель" id="-1">
			<ChildItems>
				<Button name="Обновить" id="10">
					<Type>CommandBarButton</Type>
					<Representation>PictureAndText</Representation>
					<SkipOnInput>false</SkipOnInput>
					<CommandName>0</CommandName>
					<Title>
						<v8:item>
							<v8:lang>ru</v8:lang>
							<v8:content>Обновить</v8:content>
						</v8:item>
					</Title>
					<ExtendedTooltip name="ОбновитьРасширеннаяПодсказка" id="17"/>
				</Button>
				<Button name="ВывестиДляТекущего" id="11">
					<Type>CommandBarButton</Type>
					<SkipOnInput>false</SkipOnInput>
					<CommandName>0</CommandName>
					<Title>
						<v8:item>
							<v8:lang>ru</v8:lang>
							<v8:content>Вывести для текущего</v8:content>
						</v8:item>
					</Title>
					<ExtendedTooltip name="ВывестиДляТекущегоРасширеннаяПодсказка" id="18"/>
				</Button>
				<ButtonGroup name="Поиск" id="31">
					<Title>
						<v8:item>
							<v8:lang>ru</v8:lang>
							<v8:content>Поиск</v8:content>
						</v8:item>
					</Title>
					<Representation>Compact</Representation>
					<ExtendedTooltip name="ПоискРасширеннаяПодсказка" id="32"/>
					<ChildItems>
						<Button name="ФормаНайти" id="33">
							<Type>CommandBarButton</Type>
							<Representation>Text</Representation>
							<CommandName>0</CommandName>
							<LocationInCommandBar>InCommandBarAndInAdditionalSubmenu</LocationInCommandBar>
							<ExtendedTooltip name="ФормаНайтиРасширеннаяПодсказка" id="34"/>
						</Button>
						<Button name="ФормаНайтиСледующий" id="35">
							<Type>CommandBarButton</Type>
							<Representation>Picture</Representation>
							<CommandName>0</CommandName>
							<LocationInCommandBar>InCommandBarAndInAdditionalSubmenu</LocationInCommandBar>
							<ExtendedTooltip name="ФормаНайтиСледующийРасширеннаяПодсказка" id="36"/>
						</Button>
					</ChildItems>
				</ButtonGroup>
				<ButtonGroup name="ИзменениеСостояния" id="21">
					<Title>
						<v8:item>
							<v8:lang>ru</v8:lang>
							<v8:content>Изменение состояния</v8:content>
						</v8:item>
					</Title>
					<ExtendedTooltip name="ИзменениеСостоянияРасширеннаяПодсказка" id="22"/>
					<ChildItems>
						<ButtonGroup name="ИзменениеСостоянияДокумента" id="29">
							<Title>
								<v8:item>
									<v8:lang>ru</v8:lang>
									<v8:content>Изменение состояния документа</v8:content>
								</v8:item>
							</Title>
							<Representation>Compact</Representation>
							<ExtendedTooltip name="ИзменениеСостоянияДокументаРасширеннаяПодсказка" id="30"/>
							<ChildItems>
								<Button name="Провести" id="25">
									<Type>CommandBarButton</Type>
									<CommandName>0</CommandName>
									<Title>
										<v8:item>
											<v8:lang>ru</v8:lang>
											<v8:content>Провести</v8:content>
										</v8:item>
									</Title>
									<ExtendedTooltip name="ПровестиРасширеннаяПодсказка" id="26"/>
								</Button>
								<Button name="ОтменитьПроведение" id="27">
									<Type>CommandBarButton</Type>
									<CommandName>0</CommandName>
									<Title>
										<v8:item>
											<v8:lang>ru</v8:lang>
											<v8:content>Отменить проведение</v8:content>
										</v8:item>
									</Title>
									<ExtendedTooltip name="ОтменитьПроведениеРасширеннаяПодсказка" id="28"/>
								</Button>
							</ChildItems>
						</ButtonGroup>
						<Button name="ИзменитьПометкуУдаления" id="23">
							<Type>CommandBarButton</Type>
							<CommandName>0</CommandName>
							<Title>
								<v8:item>
									<v8:lang>ru</v8:lang>
									<v8:content>Пометить на удаление / Снять пометку</v8:content>
								</v8:item>
							</Title>
							<ExtendedTooltip name="ИзменитьПометкуУдаленияРасширеннаяПодсказка" id="24"/>
						</Button>
					</ChildItems>
				</ButtonGroup>
			</ChildItems>
		</AutoCommandBar>
		<ChildItems>
			<UsualGroup name="ГруппаОтчет" id="14">
				<Title>
					<v8:item>
						<v8:lang>ru</v8:lang>
						<v8:content>Отчет</v8:content>
					</v8:item>
				</Title>
				<Group>Vertical</Group>
				<Behavior>Usual</Behavior>
				<Representation>None</Representation>
				<ShowTitle>false</ShowTitle>
				<ExtendedTooltip name="ГруппаОтчетРасширеннаяПодсказка" id="19"/>
				<ChildItems>
					<SpreadSheetDocumentField name="ТаблицаОтчета" id="15">
						<Title>
							<v8:item>
								<v8:lang>ru</v8:lang>
								<v8:content>Таблица отчета</v8:content>
							</v8:item>
						</Title>
						<TitleLocation>None</TitleLocation>
						<VerticalScrollBar>true</VerticalScrollBar>
						<HorizontalScrollBar>true</HorizontalScrollBar>
						<EnableStartDrag>false</EnableStartDrag>
						<EnableDrag>false</EnableDrag>
						<ContextMenu name="ТаблицаОтчетаКонтекстноеМеню" id="16"/>
						<ExtendedTooltip name="ТаблицаОтчетаРасширеннаяПодсказка" id="20"/>
					</SpreadSheetDocumentField>
				</ChildItems>
			</UsualGroup>
		</ChildItems>
		<Attributes/>
	</BaseForm>
</Form>