﻿<?xml version="1.0" encoding="UTF-8"?>
<MetaDataObject xmlns="http://v8.1c.ru/8.3/MDClasses" xmlns:app="http://v8.1c.ru/8.2/managed-application/core" xmlns:cfg="http://v8.1c.ru/8.1/data/enterprise/current-config" xmlns:cmi="http://v8.1c.ru/8.2/managed-application/cmi" xmlns:ent="http://v8.1c.ru/8.1/data/enterprise" xmlns:lf="http://v8.1c.ru/8.2/managed-application/logform" xmlns:style="http://v8.1c.ru/8.1/data/ui/style" xmlns:sys="http://v8.1c.ru/8.1/data/ui/fonts/system" xmlns:v8="http://v8.1c.ru/8.1/data/core" xmlns:v8ui="http://v8.1c.ru/8.1/data/ui" xmlns:web="http://v8.1c.ru/8.1/data/ui/colors/web" xmlns:win="http://v8.1c.ru/8.1/data/ui/colors/windows" xmlns:xen="http://v8.1c.ru/8.3/xcf/enums" xmlns:xpr="http://v8.1c.ru/8.3/xcf/predef" xmlns:xr="http://v8.1c.ru/8.3/xcf/readable" xmlns:xs="http://www.w3.org/2001/XMLSchema" xmlns:xsi="http://www.w3.org/2001/XMLSchema-instance" version="2.20">
	<AccumulationRegister uuid="de4601b2-c982-4039-913a-58e0d89f3210">
		<InternalInfo>
			<xr:GeneratedType name="AccumulationRegisterRecord.УчетШтрихКодов" category="Record">
				<xr:TypeId>66c0c4c1-d784-4925-b0ba-5f3aa8cd3229</xr:TypeId>
				<xr:ValueId>8bad07e0-676a-4538-851e-a57f4f50652b</xr:ValueId>
			</xr:GeneratedType>
			<xr:GeneratedType name="AccumulationRegisterManager.УчетШтрихКодов" category="Manager">
				<xr:TypeId>5d94c4a7-360e-4f7f-9aac-25acc9c4fd72</xr:TypeId>
				<xr:ValueId>70e38066-5699-4b0b-a6a0-ee55556500c4</xr:ValueId>
			</xr:GeneratedType>
			<xr:GeneratedType name="AccumulationRegisterSelection.УчетШтрихКодов" category="Selection">
				<xr:TypeId>3093681d-2871-4367-9f6b-cfb8ed7ba094</xr:TypeId>
				<xr:ValueId>b40d92b2-1bb4-4ea5-a869-df037cfda0ce</xr:ValueId>
			</xr:GeneratedType>
			<xr:GeneratedType name="AccumulationRegisterList.УчетШтрихКодов" category="List">
				<xr:TypeId>953fc9d7-41ba-4cce-a3f0-2ba5926e0e2b</xr:TypeId>
				<xr:ValueId>e7f1c9be-ad19-42d3-ab01-4cc7090439bc</xr:ValueId>
			</xr:GeneratedType>
			<xr:GeneratedType name="AccumulationRegisterRecordSet.УчетШтрихКодов" category="RecordSet">
				<xr:TypeId>5fe2b698-289e-4c40-aee1-ca98f95b20af</xr:TypeId>
				<xr:ValueId>b2ab0531-98c2-4e75-b293-b44955be1677</xr:ValueId>
			</xr:GeneratedType>
			<xr:GeneratedType name="AccumulationRegisterRecordKey.УчетШтрихКодов" category="RecordKey">
				<xr:TypeId>4c2c1a9a-1940-41a2-b08b-95dead9de8cf</xr:TypeId>
				<xr:ValueId>21401ef4-4f1f-49a5-a14e-c0fb662b65f9</xr:ValueId>
			</xr:GeneratedType>
		</InternalInfo>
		<Properties>
			<Name>УчетШтрихКодов</Name>
			<Synonym>
				<v8:item>
					<v8:lang>ru</v8:lang>
					<v8:content>Учет штрих кодов</v8:content>
				</v8:item>
			</Synonym>
			<Comment/>
			<UseStandardCommands>true</UseStandardCommands>
			<DefaultListForm/>
			<AuxiliaryListForm/>
			<RegisterType>Balance</RegisterType>
			<IncludeHelpInContents>false</IncludeHelpInContents>
			<DataLockControlMode>Managed</DataLockControlMode>
			<FullTextSearch>DontUse</FullTextSearch>
			<EnableTotalsSplitting>true</EnableTotalsSplitting>
			<ListPresentation/>
			<ExtendedListPresentation/>
			<Explanation/>
		</Properties>
		<ChildObjects>
			<Resource uuid="30099acd-bb4d-474c-8f21-52fdbaa9da7c">
				<Properties>
					<Name>Количество</Name>
					<Synonym>
						<v8:item>
							<v8:lang>ru</v8:lang>
							<v8:content>Количество</v8:content>
						</v8:item>
					</Synonym>
					<Comment/>
					<Type>
						<v8:Type>xs:decimal</v8:Type>
						<v8:NumberQualifiers>
							<v8:Digits>15</v8:Digits>
							<v8:FractionDigits>0</v8:FractionDigits>
							<v8:AllowedSign>Any</v8:AllowedSign>
						</v8:NumberQualifiers>
					</Type>
					<PasswordMode>false</PasswordMode>
					<Format/>
					<EditFormat/>
					<ToolTip/>
					<MarkNegatives>false</MarkNegatives>
					<Mask/>
					<MultiLine>false</MultiLine>
					<ExtendedEdit>false</ExtendedEdit>
					<MinValue xsi:nil="true"/>
					<MaxValue xsi:nil="true"/>
					<FillChecking>DontCheck</FillChecking>
					<ChoiceFoldersAndItems>Items</ChoiceFoldersAndItems>
					<ChoiceParameterLinks/>
					<ChoiceParameters/>
					<QuickChoice>Auto</QuickChoice>
					<CreateOnInput>Auto</CreateOnInput>
					<ChoiceForm/>
					<LinkByType/>
					<ChoiceHistoryOnInput>Auto</ChoiceHistoryOnInput>
					<FullTextSearch>Use</FullTextSearch>
				</Properties>
			</Resource>
			<Dimension uuid="6a931beb-c22c-49e6-a337-d44f82452d51">
				<Properties>
					<Name>СерийныйНомер</Name>
					<Synonym>
						<v8:item>
							<v8:lang>ru</v8:lang>
							<v8:content>Серийный номер</v8:content>
						</v8:item>
					</Synonym>
					<Comment/>
					<Type>
						<v8:Type>xs:string</v8:Type>
						<v8:StringQualifiers>
							<v8:Length>50</v8:Length>
							<v8:AllowedLength>Variable</v8:AllowedLength>
						</v8:StringQualifiers>
					</Type>
					<PasswordMode>false</PasswordMode>
					<Format/>
					<EditFormat/>
					<ToolTip/>
					<MarkNegatives>false</MarkNegatives>
					<Mask/>
					<MultiLine>false</MultiLine>
					<ExtendedEdit>false</ExtendedEdit>
					<MinValue xsi:nil="true"/>
					<MaxValue xsi:nil="true"/>
					<FillChecking>DontCheck</FillChecking>
					<ChoiceFoldersAndItems>Items</ChoiceFoldersAndItems>
					<ChoiceParameterLinks/>
					<ChoiceParameters/>
					<QuickChoice>Auto</QuickChoice>
					<CreateOnInput>Auto</CreateOnInput>
					<ChoiceForm/>
					<LinkByType/>
					<ChoiceHistoryOnInput>Auto</ChoiceHistoryOnInput>
					<DenyIncompleteValues>false</DenyIncompleteValues>
					<Indexing>DontIndex</Indexing>
					<FullTextSearch>Use</FullTextSearch>
					<UseInTotals>true</UseInTotals>
				</Properties>
			</Dimension>
		</ChildObjects>
	</AccumulationRegister>
</MetaDataObject>