﻿<?xml version="1.0" encoding="UTF-8"?>
<MetaDataObject xmlns="http://v8.1c.ru/8.3/MDClasses" xmlns:app="http://v8.1c.ru/8.2/managed-application/core" xmlns:cfg="http://v8.1c.ru/8.1/data/enterprise/current-config" xmlns:cmi="http://v8.1c.ru/8.2/managed-application/cmi" xmlns:ent="http://v8.1c.ru/8.1/data/enterprise" xmlns:lf="http://v8.1c.ru/8.2/managed-application/logform" xmlns:style="http://v8.1c.ru/8.1/data/ui/style" xmlns:sys="http://v8.1c.ru/8.1/data/ui/fonts/system" xmlns:v8="http://v8.1c.ru/8.1/data/core" xmlns:v8ui="http://v8.1c.ru/8.1/data/ui" xmlns:web="http://v8.1c.ru/8.1/data/ui/colors/web" xmlns:win="http://v8.1c.ru/8.1/data/ui/colors/windows" xmlns:xen="http://v8.1c.ru/8.3/xcf/enums" xmlns:xpr="http://v8.1c.ru/8.3/xcf/predef" xmlns:xr="http://v8.1c.ru/8.3/xcf/readable" xmlns:xs="http://www.w3.org/2001/XMLSchema" xmlns:xsi="http://www.w3.org/2001/XMLSchema-instance" version="2.20">
	<Enum uuid="238bf4ad-c97a-4536-8e2b-a50c9d1ad6d9">
		<InternalInfo>
			<xr:GeneratedType name="EnumRef.СтатусыСборокТоваров" category="Ref">
				<xr:TypeId>d77eab78-c907-4376-9e42-50623751c025</xr:TypeId>
				<xr:ValueId>031369a3-bdba-4b0c-bf21-0def7718c480</xr:ValueId>
			</xr:GeneratedType>
			<xr:GeneratedType name="EnumManager.СтатусыСборокТоваров" category="Manager">
				<xr:TypeId>5b77a9b8-fbb7-4b74-8331-501bf98ffabb</xr:TypeId>
				<xr:ValueId>3040ea70-5f78-4568-9006-12f304514943</xr:ValueId>
			</xr:GeneratedType>
			<xr:GeneratedType name="EnumList.СтатусыСборокТоваров" category="List">
				<xr:TypeId>de00b806-55f4-440e-8b03-e1f0e37b528c</xr:TypeId>
				<xr:ValueId>b5f239c6-c2c4-4d6f-a130-27a26ddd3f05</xr:ValueId>
			</xr:GeneratedType>
		</InternalInfo>
		<Properties>
			<ObjectBelonging>Adopted</ObjectBelonging>
			<Name>СтатусыСборокТоваров</Name>
			<Comment/>
			<ExtendedConfigurationObject>d32e7159-13c4-4ac8-9058-9848ec019475</ExtendedConfigurationObject>
		</Properties>
		<ChildObjects/>
	</Enum>
</MetaDataObject>