﻿<?xml version="1.0" encoding="UTF-8"?>
<MetaDataObject xmlns="http://v8.1c.ru/8.3/MDClasses" xmlns:app="http://v8.1c.ru/8.2/managed-application/core" xmlns:cfg="http://v8.1c.ru/8.1/data/enterprise/current-config" xmlns:cmi="http://v8.1c.ru/8.2/managed-application/cmi" xmlns:ent="http://v8.1c.ru/8.1/data/enterprise" xmlns:lf="http://v8.1c.ru/8.2/managed-application/logform" xmlns:style="http://v8.1c.ru/8.1/data/ui/style" xmlns:sys="http://v8.1c.ru/8.1/data/ui/fonts/system" xmlns:v8="http://v8.1c.ru/8.1/data/core" xmlns:v8ui="http://v8.1c.ru/8.1/data/ui" xmlns:web="http://v8.1c.ru/8.1/data/ui/colors/web" xmlns:win="http://v8.1c.ru/8.1/data/ui/colors/windows" xmlns:xen="http://v8.1c.ru/8.3/xcf/enums" xmlns:xpr="http://v8.1c.ru/8.3/xcf/predef" xmlns:xr="http://v8.1c.ru/8.3/xcf/readable" xmlns:xs="http://www.w3.org/2001/XMLSchema" xmlns:xsi="http://www.w3.org/2001/XMLSchema-instance" version="2.20">
	<Enum uuid="7a7af5ea-818a-414e-9c18-5442dace09e7">
		<InternalInfo>
			<xr:GeneratedType name="EnumRef.СтатусыДействияВидовЦен" category="Ref">
				<xr:TypeId>cbab13d9-4ac6-42d6-b194-2a513cb91c15</xr:TypeId>
				<xr:ValueId>00811853-8822-4b43-9a08-4f6d29c9717e</xr:ValueId>
			</xr:GeneratedType>
			<xr:GeneratedType name="EnumManager.СтатусыДействияВидовЦен" category="Manager">
				<xr:TypeId>24a25f8c-a602-41f0-bea8-e60ded7685fc</xr:TypeId>
				<xr:ValueId>4dbe8460-2e40-4c84-ae3b-f99f6b468468</xr:ValueId>
			</xr:GeneratedType>
			<xr:GeneratedType name="EnumList.СтатусыДействияВидовЦен" category="List">
				<xr:TypeId>07865040-4157-409e-a2e7-8209cda8fed7</xr:TypeId>
				<xr:ValueId>94ae6736-0d12-4ff9-92aa-3d38f886c4e8</xr:ValueId>
			</xr:GeneratedType>
		</InternalInfo>
		<Properties>
			<ObjectBelonging>Adopted</ObjectBelonging>
			<Name>СтатусыДействияВидовЦен</Name>
			<Comment/>
			<ExtendedConfigurationObject>f059f96f-49ef-4ffe-9d56-771832f636a0</ExtendedConfigurationObject>
		</Properties>
		<ChildObjects>
			<EnumValue uuid="92b7bab4-354f-45eb-9c38-2b5c755cedd6">
				<InternalInfo/>
				<Properties>
					<ObjectBelonging>Adopted</ObjectBelonging>
					<Name>Действует</Name>
					<Comment/>
					<ExtendedConfigurationObject>8310e76c-109d-4afc-a081-1e46eec439c9</ExtendedConfigurationObject>
				</Properties>
			</EnumValue>
		</ChildObjects>
	</Enum>
</MetaDataObject>