﻿<?xml version="1.0" encoding="UTF-8"?>
<MetaDataObject xmlns="http://v8.1c.ru/8.3/MDClasses" xmlns:app="http://v8.1c.ru/8.2/managed-application/core" xmlns:cfg="http://v8.1c.ru/8.1/data/enterprise/current-config" xmlns:cmi="http://v8.1c.ru/8.2/managed-application/cmi" xmlns:ent="http://v8.1c.ru/8.1/data/enterprise" xmlns:lf="http://v8.1c.ru/8.2/managed-application/logform" xmlns:style="http://v8.1c.ru/8.1/data/ui/style" xmlns:sys="http://v8.1c.ru/8.1/data/ui/fonts/system" xmlns:v8="http://v8.1c.ru/8.1/data/core" xmlns:v8ui="http://v8.1c.ru/8.1/data/ui" xmlns:web="http://v8.1c.ru/8.1/data/ui/colors/web" xmlns:win="http://v8.1c.ru/8.1/data/ui/colors/windows" xmlns:xen="http://v8.1c.ru/8.3/xcf/enums" xmlns:xpr="http://v8.1c.ru/8.3/xcf/predef" xmlns:xr="http://v8.1c.ru/8.3/xcf/readable" xmlns:xs="http://www.w3.org/2001/XMLSchema" xmlns:xsi="http://www.w3.org/2001/XMLSchema-instance" version="2.20">
	<Enum uuid="b0522223-38d6-46fa-be76-a7ae822e2993">
		<InternalInfo>
			<xr:GeneratedType name="EnumRef.ВариантыВыбытияМаркируемойПродукции" category="Ref">
				<xr:TypeId>437ddddb-5fa6-4b16-a5ad-4a4e9c86aa27</xr:TypeId>
				<xr:ValueId>38fc6ed4-61c1-4fe3-b6db-33dc26ee66a7</xr:ValueId>
			</xr:GeneratedType>
			<xr:GeneratedType name="EnumManager.ВариантыВыбытияМаркируемойПродукции" category="Manager">
				<xr:TypeId>fb65f18a-cf8d-46f1-a3d7-601e87f9ff3b</xr:TypeId>
				<xr:ValueId>3d465895-5516-4c45-96e1-fe93f641d1db</xr:ValueId>
			</xr:GeneratedType>
			<xr:GeneratedType name="EnumList.ВариантыВыбытияМаркируемойПродукции" category="List">
				<xr:TypeId>e1a3ccca-4447-4bf0-ac8e-244de51f0375</xr:TypeId>
				<xr:ValueId>c6146280-d592-4516-ac46-dc163d573bca</xr:ValueId>
			</xr:GeneratedType>
		</InternalInfo>
		<Properties>
			<ObjectBelonging>Adopted</ObjectBelonging>
			<Name>ВариантыВыбытияМаркируемойПродукции</Name>
			<Comment/>
			<ExtendedConfigurationObject>01b157d9-0897-49f2-a89b-c27365c56990</ExtendedConfigurationObject>
		</Properties>
		<ChildObjects>
			<EnumValue uuid="8a3e4606-3227-40b4-95f8-54fe284e5c43">
				<InternalInfo/>
				<Properties>
					<ObjectBelonging>Adopted</ObjectBelonging>
					<Name>ИспользованиеПокупателемДляСобственныхНужд</Name>
					<Comment/>
					<ExtendedConfigurationObject>1f9b6892-b743-44eb-80c1-32334ddf8fc5</ExtendedConfigurationObject>
				</Properties>
			</EnumValue>
		</ChildObjects>
	</Enum>
</MetaDataObject>