﻿<?xml version="1.0" encoding="UTF-8"?>
<MetaDataObject xmlns="http://v8.1c.ru/8.3/MDClasses" xmlns:app="http://v8.1c.ru/8.2/managed-application/core" xmlns:cfg="http://v8.1c.ru/8.1/data/enterprise/current-config" xmlns:cmi="http://v8.1c.ru/8.2/managed-application/cmi" xmlns:ent="http://v8.1c.ru/8.1/data/enterprise" xmlns:lf="http://v8.1c.ru/8.2/managed-application/logform" xmlns:style="http://v8.1c.ru/8.1/data/ui/style" xmlns:sys="http://v8.1c.ru/8.1/data/ui/fonts/system" xmlns:v8="http://v8.1c.ru/8.1/data/core" xmlns:v8ui="http://v8.1c.ru/8.1/data/ui" xmlns:web="http://v8.1c.ru/8.1/data/ui/colors/web" xmlns:win="http://v8.1c.ru/8.1/data/ui/colors/windows" xmlns:xen="http://v8.1c.ru/8.3/xcf/enums" xmlns:xpr="http://v8.1c.ru/8.3/xcf/predef" xmlns:xr="http://v8.1c.ru/8.3/xcf/readable" xmlns:xs="http://www.w3.org/2001/XMLSchema" xmlns:xsi="http://www.w3.org/2001/XMLSchema-instance" version="2.20">
	<Enum uuid="1226ac26-de9f-4dd6-a90d-7fd4dbf0e72c">
		<InternalInfo>
			<xr:GeneratedType name="EnumRef.ВариантыОформленияПродажи" category="Ref">
				<xr:TypeId>f12987de-48c7-43af-9dbb-30e40f542231</xr:TypeId>
				<xr:ValueId>424f36d3-9111-477f-ad81-90ec39d6be5d</xr:ValueId>
			</xr:GeneratedType>
			<xr:GeneratedType name="EnumManager.ВариантыОформленияПродажи" category="Manager">
				<xr:TypeId>a5c424e1-0610-41fb-96c5-acc29c3894f3</xr:TypeId>
				<xr:ValueId>b426cd31-04ab-4968-bcd8-3824e4e1762f</xr:ValueId>
			</xr:GeneratedType>
			<xr:GeneratedType name="EnumList.ВариантыОформленияПродажи" category="List">
				<xr:TypeId>498f9ff0-cb25-4644-9ff6-d0b3edb07234</xr:TypeId>
				<xr:ValueId>261ee598-0b7b-48f8-99f5-098b8ff87427</xr:ValueId>
			</xr:GeneratedType>
		</InternalInfo>
		<Properties>
			<ObjectBelonging>Adopted</ObjectBelonging>
			<Name>ВариантыОформленияПродажи</Name>
			<Comment/>
			<ExtendedConfigurationObject>87b3de07-c5ac-46e3-aee9-b875ee5e2d0b</ExtendedConfigurationObject>
		</Properties>
		<ChildObjects>
			<EnumValue uuid="bdfe6750-86a4-4979-885f-dfc1146e8248">
				<InternalInfo/>
				<Properties>
					<ObjectBelonging>Adopted</ObjectBelonging>
					<Name>РеализацияТоваровУслуг</Name>
					<Comment/>
					<ExtendedConfigurationObject>6ed82cef-39f7-4beb-bf6e-4c0cef820047</ExtendedConfigurationObject>
				</Properties>
			</EnumValue>
			<EnumValue uuid="ee33e807-2cfc-4a3b-b5ea-36e27d8126a1">
				<InternalInfo/>
				<Properties>
					<ObjectBelonging>Adopted</ObjectBelonging>
					<Name>АктНаПередачуПрав</Name>
					<Comment/>
					<ExtendedConfigurationObject>f3ed285f-e808-48f4-85c5-0cea0d7d4dcb</ExtendedConfigurationObject>
				</Properties>
			</EnumValue>
		</ChildObjects>
	</Enum>
</MetaDataObject>