﻿<?xml version="1.0" encoding="UTF-8"?>
<MetaDataObject xmlns="http://v8.1c.ru/8.3/MDClasses" xmlns:app="http://v8.1c.ru/8.2/managed-application/core" xmlns:cfg="http://v8.1c.ru/8.1/data/enterprise/current-config" xmlns:cmi="http://v8.1c.ru/8.2/managed-application/cmi" xmlns:ent="http://v8.1c.ru/8.1/data/enterprise" xmlns:lf="http://v8.1c.ru/8.2/managed-application/logform" xmlns:style="http://v8.1c.ru/8.1/data/ui/style" xmlns:sys="http://v8.1c.ru/8.1/data/ui/fonts/system" xmlns:v8="http://v8.1c.ru/8.1/data/core" xmlns:v8ui="http://v8.1c.ru/8.1/data/ui" xmlns:web="http://v8.1c.ru/8.1/data/ui/colors/web" xmlns:win="http://v8.1c.ru/8.1/data/ui/colors/windows" xmlns:xen="http://v8.1c.ru/8.3/xcf/enums" xmlns:xpr="http://v8.1c.ru/8.3/xcf/predef" xmlns:xr="http://v8.1c.ru/8.3/xcf/readable" xmlns:xs="http://www.w3.org/2001/XMLSchema" xmlns:xsi="http://www.w3.org/2001/XMLSchema-instance" version="2.20">
	<Enum uuid="855e1666-2238-43a1-a3a7-688282a1130d">
		<InternalInfo>
			<xr:GeneratedType name="EnumRef.ВариантыРаздельногоУчетаНДС" category="Ref">
				<xr:TypeId>cfae515c-81fb-49b8-9972-f4c5cc1ccc7a</xr:TypeId>
				<xr:ValueId>f1026b75-7bfc-4527-96fc-ea89a7687214</xr:ValueId>
			</xr:GeneratedType>
			<xr:GeneratedType name="EnumManager.ВариантыРаздельногоУчетаНДС" category="Manager">
				<xr:TypeId>7e2cf984-c5e7-47dd-9bd8-725acd175965</xr:TypeId>
				<xr:ValueId>ef7a0bd7-e481-4c4d-9f0c-a4f4d2cafb7f</xr:ValueId>
			</xr:GeneratedType>
			<xr:GeneratedType name="EnumList.ВариантыРаздельногоУчетаНДС" category="List">
				<xr:TypeId>e514716c-93d5-4940-877b-a26d5c614952</xr:TypeId>
				<xr:ValueId>ff3df8d3-057e-46cb-8b5f-5069b48a20f1</xr:ValueId>
			</xr:GeneratedType>
		</InternalInfo>
		<Properties>
			<ObjectBelonging>Adopted</ObjectBelonging>
			<Name>ВариантыРаздельногоУчетаНДС</Name>
			<Comment/>
			<ExtendedConfigurationObject>51a2d5a3-f7a8-4026-9ca7-a523f52bd682</ExtendedConfigurationObject>
		</Properties>
		<ChildObjects>
			<EnumValue uuid="0d3c851b-a8d8-4246-b0fd-ef1a64634b9d">
				<InternalInfo/>
				<Properties>
					<ObjectBelonging>Adopted</ObjectBelonging>
					<Name>Распределение</Name>
					<Comment/>
					<ExtendedConfigurationObject>9b1c2dd1-592c-4b86-b431-01766699f84f</ExtendedConfigurationObject>
				</Properties>
			</EnumValue>
			<EnumValue uuid="2a163033-eb61-4fec-8235-7b2296010b1a">
				<InternalInfo/>
				<Properties>
					<ObjectBelonging>Adopted</ObjectBelonging>
					<Name>ИзДокумента</Name>
					<Comment/>
					<ExtendedConfigurationObject>933eba16-6e2a-435b-a5c1-ad9b7a99b6c4</ExtendedConfigurationObject>
				</Properties>
			</EnumValue>
		</ChildObjects>
	</Enum>
</MetaDataObject>