﻿<?xml version="1.0" encoding="UTF-8"?>
<MetaDataObject xmlns="http://v8.1c.ru/8.3/MDClasses" xmlns:app="http://v8.1c.ru/8.2/managed-application/core" xmlns:cfg="http://v8.1c.ru/8.1/data/enterprise/current-config" xmlns:cmi="http://v8.1c.ru/8.2/managed-application/cmi" xmlns:ent="http://v8.1c.ru/8.1/data/enterprise" xmlns:lf="http://v8.1c.ru/8.2/managed-application/logform" xmlns:style="http://v8.1c.ru/8.1/data/ui/style" xmlns:sys="http://v8.1c.ru/8.1/data/ui/fonts/system" xmlns:v8="http://v8.1c.ru/8.1/data/core" xmlns:v8ui="http://v8.1c.ru/8.1/data/ui" xmlns:web="http://v8.1c.ru/8.1/data/ui/colors/web" xmlns:win="http://v8.1c.ru/8.1/data/ui/colors/windows" xmlns:xen="http://v8.1c.ru/8.3/xcf/enums" xmlns:xpr="http://v8.1c.ru/8.3/xcf/predef" xmlns:xr="http://v8.1c.ru/8.3/xcf/readable" xmlns:xs="http://www.w3.org/2001/XMLSchema" xmlns:xsi="http://www.w3.org/2001/XMLSchema-instance" version="2.20">
	<Document uuid="e479f53f-7176-4289-8071-744712e1f26a">
		<InternalInfo>
			<xr:GeneratedType name="DocumentObject.ПриходныйКассовыйОрдер" category="Object">
				<xr:TypeId>d0ef60d1-d6d1-436d-86ce-4b1fce21d539</xr:TypeId>
				<xr:ValueId>d0e65172-8345-4ee8-a6b3-c5a3697055a1</xr:ValueId>
			</xr:GeneratedType>
			<xr:GeneratedType name="DocumentRef.ПриходныйКассовыйОрдер" category="Ref">
				<xr:TypeId>04a0ecf3-ae97-45ea-8dc5-82110cbf8097</xr:TypeId>
				<xr:ValueId>740ce316-961e-4df7-b748-60856c155b55</xr:ValueId>
			</xr:GeneratedType>
			<xr:GeneratedType name="DocumentSelection.ПриходныйКассовыйОрдер" category="Selection">
				<xr:TypeId>63f7387f-1cad-4b5c-bacb-386ff3103b7a</xr:TypeId>
				<xr:ValueId>5e6f86ca-6aad-4f0c-9011-7921094e3a6a</xr:ValueId>
			</xr:GeneratedType>
			<xr:GeneratedType name="DocumentList.ПриходныйКассовыйОрдер" category="List">
				<xr:TypeId>7b747bb8-b9cc-4324-91e4-c7be306d3da2</xr:TypeId>
				<xr:ValueId>c8cd9b59-6789-4631-8515-0e8a963c500a</xr:ValueId>
			</xr:GeneratedType>
			<xr:GeneratedType name="DocumentManager.ПриходныйКассовыйОрдер" category="Manager">
				<xr:TypeId>d0f625c7-a742-433f-a929-012d3245e967</xr:TypeId>
				<xr:ValueId>95f39ffa-94e9-4c63-9e1f-4f3cc05854e8</xr:ValueId>
			</xr:GeneratedType>
		</InternalInfo>
		<Properties>
			<ObjectBelonging>Adopted</ObjectBelonging>
			<Name>ПриходныйКассовыйОрдер</Name>
			<Comment/>
			<ExtendedConfigurationObject>e16b931a-86b3-413f-a330-7b6f835e2da7</ExtendedConfigurationObject>
			<RegisterRecords/>
		</Properties>
		<ChildObjects>
			<Attribute uuid="4c64cd03-7c01-4be8-9af7-c6cf844504ea">
				<Properties>
					<Name>ГозКонтракт</Name>
					<Synonym>
						<v8:item>
							<v8:lang>ru</v8:lang>
							<v8:content>ГОЗ контракт</v8:content>
						</v8:item>
					</Synonym>
					<Comment/>
					<Type>
						<v8:Type>cfg:DocumentRef.КонтрактыГОЗ</v8:Type>
					</Type>
					<PasswordMode>false</PasswordMode>
					<Format/>
					<EditFormat/>
					<ToolTip/>
					<MarkNegatives>false</MarkNegatives>
					<Mask/>
					<MultiLine>false</MultiLine>
					<ExtendedEdit>false</ExtendedEdit>
					<MinValue xsi:nil="true"/>
					<MaxValue xsi:nil="true"/>
					<FillFromFillingValue>false</FillFromFillingValue>
					<FillValue xsi:nil="true"/>
					<FillChecking>DontCheck</FillChecking>
					<ChoiceFoldersAndItems>Items</ChoiceFoldersAndItems>
					<ChoiceParameterLinks/>
					<ChoiceParameters/>
					<QuickChoice>Auto</QuickChoice>
					<CreateOnInput>Auto</CreateOnInput>
					<ChoiceForm/>
					<LinkByType/>
					<ChoiceHistoryOnInput>Auto</ChoiceHistoryOnInput>
					<Indexing>DontIndex</Indexing>
					<FullTextSearch>Use</FullTextSearch>
					<DataHistory>Use</DataHistory>
				</Properties>
			</Attribute>
			<Attribute uuid="9a074a9f-1e16-4d04-97fc-af955cfcb318">
				<Properties>
					<Name>ПроектРазвития</Name>
					<Synonym>
						<v8:item>
							<v8:lang>ru</v8:lang>
							<v8:content>Проект развития</v8:content>
						</v8:item>
					</Synonym>
					<Comment/>
					<Type>
						<v8:Type>cfg:CatalogRef.ПроектыРазвития</v8:Type>
					</Type>
					<PasswordMode>false</PasswordMode>
					<Format/>
					<EditFormat/>
					<ToolTip/>
					<MarkNegatives>false</MarkNegatives>
					<Mask/>
					<MultiLine>false</MultiLine>
					<ExtendedEdit>false</ExtendedEdit>
					<MinValue xsi:nil="true"/>
					<MaxValue xsi:nil="true"/>
					<FillFromFillingValue>false</FillFromFillingValue>
					<FillValue xsi:nil="true"/>
					<FillChecking>DontCheck</FillChecking>
					<ChoiceFoldersAndItems>Items</ChoiceFoldersAndItems>
					<ChoiceParameterLinks/>
					<ChoiceParameters/>
					<QuickChoice>Auto</QuickChoice>
					<CreateOnInput>Auto</CreateOnInput>
					<ChoiceForm/>
					<LinkByType/>
					<ChoiceHistoryOnInput>Auto</ChoiceHistoryOnInput>
					<Indexing>DontIndex</Indexing>
					<FullTextSearch>Use</FullTextSearch>
					<DataHistory>Use</DataHistory>
				</Properties>
			</Attribute>
			<Form>ФормаДокумента</Form>
			<TabularSection uuid="837d045f-71c7-487d-9685-c534327cadd8">
				<InternalInfo>
					<xr:GeneratedType name="DocumentTabularSection.ПриходныйКассовыйОрдер.ГОЗ" category="TabularSection">
						<xr:TypeId>160fc854-445e-4558-afd0-bd90d9658d5f</xr:TypeId>
						<xr:ValueId>b84bfcc5-6863-4cbe-8a3d-7ba5c45aaa7e</xr:ValueId>
					</xr:GeneratedType>
					<xr:GeneratedType name="DocumentTabularSectionRow.ПриходныйКассовыйОрдер.ГОЗ" category="TabularSectionRow">
						<xr:TypeId>1b895583-a9d2-42dc-9aac-f9c0fa70bfe5</xr:TypeId>
						<xr:ValueId>151508e2-2f8d-484f-8a97-7849e0bddeb9</xr:ValueId>
					</xr:GeneratedType>
				</InternalInfo>
				<Properties>
					<Name>ГОЗ</Name>
					<Synonym>
						<v8:item>
							<v8:lang>ru</v8:lang>
							<v8:content>ГОЗ</v8:content>
						</v8:item>
					</Synonym>
					<Comment/>
					<ToolTip/>
					<FillChecking>DontCheck</FillChecking>
					<StandardAttributes>
						<xr:StandardAttribute name="LineNumber">
							<xr:LinkByType/>
							<xr:FillChecking>DontCheck</xr:FillChecking>
							<xr:MultiLine>false</xr:MultiLine>
							<xr:FillFromFillingValue>false</xr:FillFromFillingValue>
							<xr:CreateOnInput>Auto</xr:CreateOnInput>
							<xr:TypeReductionMode>TransformValues</xr:TypeReductionMode>
							<xr:MaxValue xsi:nil="true"/>
							<xr:ToolTip/>
							<xr:ExtendedEdit>false</xr:ExtendedEdit>
							<xr:Format/>
							<xr:ChoiceForm/>
							<xr:QuickChoice>Auto</xr:QuickChoice>
							<xr:ChoiceHistoryOnInput>Auto</xr:ChoiceHistoryOnInput>
							<xr:EditFormat/>
							<xr:PasswordMode>false</xr:PasswordMode>
							<xr:DataHistory>Use</xr:DataHistory>
							<xr:MarkNegatives>false</xr:MarkNegatives>
							<xr:MinValue xsi:nil="true"/>
							<xr:Synonym/>
							<xr:Comment/>
							<xr:FullTextSearch>Use</xr:FullTextSearch>
							<xr:ChoiceParameterLinks/>
							<xr:FillValue xsi:nil="true"/>
							<xr:Mask/>
							<xr:ChoiceParameters/>
						</xr:StandardAttribute>
					</StandardAttributes>
					<LineNumberLength>5</LineNumberLength>
				</Properties>
				<ChildObjects>
					<Attribute uuid="d16a1fa4-38ab-4a34-8ce7-9ce1a679eba2">
						<Properties>
							<Name>СтатьиРасходовГоз</Name>
							<Synonym>
								<v8:item>
									<v8:lang>ru</v8:lang>
									<v8:content>Статьи расходов гоз</v8:content>
								</v8:item>
							</Synonym>
							<Comment/>
							<Type>
								<v8:Type>cfg:ChartOfCharacteristicTypesRef.СтатьиРасходов</v8:Type>
							</Type>
							<PasswordMode>false</PasswordMode>
							<Format/>
							<EditFormat/>
							<ToolTip/>
							<MarkNegatives>false</MarkNegatives>
							<Mask/>
							<MultiLine>false</MultiLine>
							<ExtendedEdit>false</ExtendedEdit>
							<MinValue xsi:nil="true"/>
							<MaxValue xsi:nil="true"/>
							<FillChecking>DontCheck</FillChecking>
							<ChoiceFoldersAndItems>Items</ChoiceFoldersAndItems>
							<ChoiceParameterLinks/>
							<ChoiceParameters/>
							<QuickChoice>Auto</QuickChoice>
							<CreateOnInput>Auto</CreateOnInput>
							<ChoiceForm/>
							<LinkByType/>
							<ChoiceHistoryOnInput>Auto</ChoiceHistoryOnInput>
							<Indexing>DontIndex</Indexing>
							<FullTextSearch>Use</FullTextSearch>
							<DataHistory>Use</DataHistory>
						</Properties>
					</Attribute>
					<Attribute uuid="208e0d80-b530-4166-b337-068b8b265b2d">
						<Properties>
							<Name>Сумма</Name>
							<Synonym>
								<v8:item>
									<v8:lang>ru</v8:lang>
									<v8:content>Сумма</v8:content>
								</v8:item>
							</Synonym>
							<Comment/>
							<Type>
								<v8:Type>xs:decimal</v8:Type>
								<v8:NumberQualifiers>
									<v8:Digits>15</v8:Digits>
									<v8:FractionDigits>2</v8:FractionDigits>
									<v8:AllowedSign>Any</v8:AllowedSign>
								</v8:NumberQualifiers>
							</Type>
							<PasswordMode>false</PasswordMode>
							<Format/>
							<EditFormat/>
							<ToolTip/>
							<MarkNegatives>false</MarkNegatives>
							<Mask/>
							<MultiLine>false</MultiLine>
							<ExtendedEdit>false</ExtendedEdit>
							<MinValue xsi:nil="true"/>
							<MaxValue xsi:nil="true"/>
							<FillChecking>DontCheck</FillChecking>
							<ChoiceFoldersAndItems>Items</ChoiceFoldersAndItems>
							<ChoiceParameterLinks/>
							<ChoiceParameters/>
							<QuickChoice>Auto</QuickChoice>
							<CreateOnInput>Auto</CreateOnInput>
							<ChoiceForm/>
							<LinkByType/>
							<ChoiceHistoryOnInput>Auto</ChoiceHistoryOnInput>
							<Indexing>DontIndex</Indexing>
							<FullTextSearch>Use</FullTextSearch>
							<DataHistory>Use</DataHistory>
						</Properties>
					</Attribute>
				</ChildObjects>
			</TabularSection>
			<TabularSection uuid="d3c05026-6052-44c1-a2fa-24e114e46b00">
				<InternalInfo>
					<xr:GeneratedType name="DocumentTabularSection.ПриходныйКассовыйОрдер.РасшифровкаПлатежа" category="TabularSection">
						<xr:TypeId>ba5a146d-5715-40b7-9191-d980d9c5f045</xr:TypeId>
						<xr:ValueId>eef2d7fa-a450-4951-a284-6bdf2ca59857</xr:ValueId>
					</xr:GeneratedType>
					<xr:GeneratedType name="DocumentTabularSectionRow.ПриходныйКассовыйОрдер.РасшифровкаПлатежа" category="TabularSectionRow">
						<xr:TypeId>9c5b49de-11d3-4262-843f-dfe6c4ff7665</xr:TypeId>
						<xr:ValueId>b27ce9b9-a088-489a-8c2d-4b50289b2a28</xr:ValueId>
					</xr:GeneratedType>
				</InternalInfo>
				<Properties>
					<ObjectBelonging>Adopted</ObjectBelonging>
					<Name>РасшифровкаПлатежа</Name>
					<Comment/>
					<ExtendedConfigurationObject>b6069978-b5aa-4bfa-bbb0-2a9f2a186b21</ExtendedConfigurationObject>
				</Properties>
				<ChildObjects/>
			</TabularSection>
		</ChildObjects>
	</Document>
</MetaDataObject>