﻿<?xml version="1.0" encoding="UTF-8"?>
<MetaDataObject xmlns="http://v8.1c.ru/8.3/MDClasses" xmlns:app="http://v8.1c.ru/8.2/managed-application/core" xmlns:cfg="http://v8.1c.ru/8.1/data/enterprise/current-config" xmlns:cmi="http://v8.1c.ru/8.2/managed-application/cmi" xmlns:ent="http://v8.1c.ru/8.1/data/enterprise" xmlns:lf="http://v8.1c.ru/8.2/managed-application/logform" xmlns:style="http://v8.1c.ru/8.1/data/ui/style" xmlns:sys="http://v8.1c.ru/8.1/data/ui/fonts/system" xmlns:v8="http://v8.1c.ru/8.1/data/core" xmlns:v8ui="http://v8.1c.ru/8.1/data/ui" xmlns:web="http://v8.1c.ru/8.1/data/ui/colors/web" xmlns:win="http://v8.1c.ru/8.1/data/ui/colors/windows" xmlns:xen="http://v8.1c.ru/8.3/xcf/enums" xmlns:xpr="http://v8.1c.ru/8.3/xcf/predef" xmlns:xr="http://v8.1c.ru/8.3/xcf/readable" xmlns:xs="http://www.w3.org/2001/XMLSchema" xmlns:xsi="http://www.w3.org/2001/XMLSchema-instance" version="2.20">
	<Document uuid="fb547716-4958-4337-b368-5f15e36e91e8">
		<InternalInfo>
			<xr:GeneratedType name="DocumentObject.СписаниеБезналичныхДенежныхСредств" category="Object">
				<xr:TypeId>bcb08ab9-b55a-49bc-aabc-8a4c7bae85b2</xr:TypeId>
				<xr:ValueId>c0d3c36e-56a6-427e-ace1-d66dd6fa4fbc</xr:ValueId>
			</xr:GeneratedType>
			<xr:GeneratedType name="DocumentRef.СписаниеБезналичныхДенежныхСредств" category="Ref">
				<xr:TypeId>203dab86-d880-429e-968c-78f7f0ea75a3</xr:TypeId>
				<xr:ValueId>825bef8b-2b46-4991-8746-c6ac38b8db7b</xr:ValueId>
			</xr:GeneratedType>
			<xr:GeneratedType name="DocumentSelection.СписаниеБезналичныхДенежныхСредств" category="Selection">
				<xr:TypeId>fd020e4c-1d91-43fd-9e29-e7bafa35e024</xr:TypeId>
				<xr:ValueId>f4768d58-b714-4686-81a1-cd8f31d3be79</xr:ValueId>
			</xr:GeneratedType>
			<xr:GeneratedType name="DocumentList.СписаниеБезналичныхДенежныхСредств" category="List">
				<xr:TypeId>4e578a5e-d7ad-47b0-b58d-72466896e616</xr:TypeId>
				<xr:ValueId>29ca1423-f159-47af-bf9f-b4ff04b66ffe</xr:ValueId>
			</xr:GeneratedType>
			<xr:GeneratedType name="DocumentManager.СписаниеБезналичныхДенежныхСредств" category="Manager">
				<xr:TypeId>785c1b50-466e-431f-83a8-127ee20bcb17</xr:TypeId>
				<xr:ValueId>2511e009-7d11-4dd1-959c-13848aedf1b7</xr:ValueId>
			</xr:GeneratedType>
		</InternalInfo>
		<Properties>
			<ObjectBelonging>Adopted</ObjectBelonging>
			<Name>СписаниеБезналичныхДенежныхСредств</Name>
			<Comment/>
			<ExtendedConfigurationObject>8502b653-32a8-4d01-a12e-5fe4cede91ef</ExtendedConfigurationObject>
			<RegisterRecords/>
		</Properties>
		<ChildObjects>
			<Attribute uuid="fb592b96-e618-4065-a8a6-370988722e69">
				<Properties>
					<Name>ГозКонтракт</Name>
					<Synonym>
						<v8:item>
							<v8:lang>ru</v8:lang>
							<v8:content>ГОЗ контракт</v8:content>
						</v8:item>
					</Synonym>
					<Comment/>
					<Type>
						<v8:Type>cfg:DocumentRef.КонтрактыГОЗ</v8:Type>
					</Type>
					<PasswordMode>false</PasswordMode>
					<Format/>
					<EditFormat/>
					<ToolTip/>
					<MarkNegatives>false</MarkNegatives>
					<Mask/>
					<MultiLine>false</MultiLine>
					<ExtendedEdit>false</ExtendedEdit>
					<MinValue xsi:nil="true"/>
					<MaxValue xsi:nil="true"/>
					<FillFromFillingValue>false</FillFromFillingValue>
					<FillValue xsi:nil="true"/>
					<FillChecking>DontCheck</FillChecking>
					<ChoiceFoldersAndItems>Items</ChoiceFoldersAndItems>
					<ChoiceParameterLinks/>
					<ChoiceParameters/>
					<QuickChoice>Auto</QuickChoice>
					<CreateOnInput>Auto</CreateOnInput>
					<ChoiceForm/>
					<LinkByType/>
					<ChoiceHistoryOnInput>Auto</ChoiceHistoryOnInput>
					<Indexing>DontIndex</Indexing>
					<FullTextSearch>Use</FullTextSearch>
					<DataHistory>Use</DataHistory>
				</Properties>
			</Attribute>
			<Attribute uuid="0e45f5cd-d66b-48c3-95c9-fc82f0b4b817">
				<Properties>
					<Name>ПроектРазвития</Name>
					<Synonym>
						<v8:item>
							<v8:lang>ru</v8:lang>
							<v8:content>Проект развития</v8:content>
						</v8:item>
					</Synonym>
					<Comment/>
					<Type>
						<v8:Type>cfg:CatalogRef.ПроектыРазвития</v8:Type>
					</Type>
					<PasswordMode>false</PasswordMode>
					<Format/>
					<EditFormat/>
					<ToolTip/>
					<MarkNegatives>false</MarkNegatives>
					<Mask/>
					<MultiLine>false</MultiLine>
					<ExtendedEdit>false</ExtendedEdit>
					<MinValue xsi:nil="true"/>
					<MaxValue xsi:nil="true"/>
					<FillFromFillingValue>false</FillFromFillingValue>
					<FillValue xsi:nil="true"/>
					<FillChecking>DontCheck</FillChecking>
					<ChoiceFoldersAndItems>Items</ChoiceFoldersAndItems>
					<ChoiceParameterLinks/>
					<ChoiceParameters/>
					<QuickChoice>Auto</QuickChoice>
					<CreateOnInput>Auto</CreateOnInput>
					<ChoiceForm/>
					<LinkByType/>
					<ChoiceHistoryOnInput>Auto</ChoiceHistoryOnInput>
					<Indexing>DontIndex</Indexing>
					<FullTextSearch>Use</FullTextSearch>
					<DataHistory>Use</DataHistory>
				</Properties>
			</Attribute>
			<Form>ФормаДокумента</Form>
			<TabularSection uuid="f628662b-061b-4b3d-a812-308b803df3b1">
				<InternalInfo>
					<xr:GeneratedType name="DocumentTabularSection.СписаниеБезналичныхДенежныхСредств.ГОЗ" category="TabularSection">
						<xr:TypeId>62f81f25-b027-409e-abaf-4f636c53f7e4</xr:TypeId>
						<xr:ValueId>0aa88f03-0ce3-4901-9979-0373ea88a206</xr:ValueId>
					</xr:GeneratedType>
					<xr:GeneratedType name="DocumentTabularSectionRow.СписаниеБезналичныхДенежныхСредств.ГОЗ" category="TabularSectionRow">
						<xr:TypeId>8a982e4c-d32c-4971-b868-c2c6bc0d3d2c</xr:TypeId>
						<xr:ValueId>6606d9ee-8692-422e-a653-1a6e78fcdc84</xr:ValueId>
					</xr:GeneratedType>
				</InternalInfo>
				<Properties>
					<Name>ГОЗ</Name>
					<Synonym>
						<v8:item>
							<v8:lang>ru</v8:lang>
							<v8:content>ГОЗ</v8:content>
						</v8:item>
					</Synonym>
					<Comment/>
					<ToolTip/>
					<FillChecking>DontCheck</FillChecking>
					<StandardAttributes>
						<xr:StandardAttribute name="LineNumber">
							<xr:LinkByType/>
							<xr:FillChecking>DontCheck</xr:FillChecking>
							<xr:MultiLine>false</xr:MultiLine>
							<xr:FillFromFillingValue>false</xr:FillFromFillingValue>
							<xr:CreateOnInput>Auto</xr:CreateOnInput>
							<xr:TypeReductionMode>TransformValues</xr:TypeReductionMode>
							<xr:MaxValue xsi:nil="true"/>
							<xr:ToolTip/>
							<xr:ExtendedEdit>false</xr:ExtendedEdit>
							<xr:Format/>
							<xr:ChoiceForm/>
							<xr:QuickChoice>Auto</xr:QuickChoice>
							<xr:ChoiceHistoryOnInput>Auto</xr:ChoiceHistoryOnInput>
							<xr:EditFormat/>
							<xr:PasswordMode>false</xr:PasswordMode>
							<xr:DataHistory>Use</xr:DataHistory>
							<xr:MarkNegatives>false</xr:MarkNegatives>
							<xr:MinValue xsi:nil="true"/>
							<xr:Synonym/>
							<xr:Comment/>
							<xr:FullTextSearch>Use</xr:FullTextSearch>
							<xr:ChoiceParameterLinks/>
							<xr:FillValue xsi:nil="true"/>
							<xr:Mask/>
							<xr:ChoiceParameters/>
						</xr:StandardAttribute>
					</StandardAttributes>
					<LineNumberLength>5</LineNumberLength>
				</Properties>
				<ChildObjects>
					<Attribute uuid="52b4b966-60a6-4627-881d-ac99a9929599">
						<Properties>
							<Name>СтатьиРасходовГоз</Name>
							<Synonym>
								<v8:item>
									<v8:lang>ru</v8:lang>
									<v8:content>Статьи расходов гоз</v8:content>
								</v8:item>
							</Synonym>
							<Comment/>
							<Type>
								<v8:Type>cfg:ChartOfCharacteristicTypesRef.СтатьиРасходов</v8:Type>
							</Type>
							<PasswordMode>false</PasswordMode>
							<Format/>
							<EditFormat/>
							<ToolTip/>
							<MarkNegatives>false</MarkNegatives>
							<Mask/>
							<MultiLine>false</MultiLine>
							<ExtendedEdit>false</ExtendedEdit>
							<MinValue xsi:nil="true"/>
							<MaxValue xsi:nil="true"/>
							<FillChecking>DontCheck</FillChecking>
							<ChoiceFoldersAndItems>Items</ChoiceFoldersAndItems>
							<ChoiceParameterLinks/>
							<ChoiceParameters/>
							<QuickChoice>Auto</QuickChoice>
							<CreateOnInput>Auto</CreateOnInput>
							<ChoiceForm/>
							<LinkByType/>
							<ChoiceHistoryOnInput>Auto</ChoiceHistoryOnInput>
							<Indexing>DontIndex</Indexing>
							<FullTextSearch>Use</FullTextSearch>
							<DataHistory>Use</DataHistory>
						</Properties>
					</Attribute>
					<Attribute uuid="8c64589d-9f2b-44ac-bfdb-8109c1322087">
						<Properties>
							<Name>Сумма</Name>
							<Synonym>
								<v8:item>
									<v8:lang>ru</v8:lang>
									<v8:content>Сумма</v8:content>
								</v8:item>
							</Synonym>
							<Comment/>
							<Type>
								<v8:Type>xs:decimal</v8:Type>
								<v8:NumberQualifiers>
									<v8:Digits>15</v8:Digits>
									<v8:FractionDigits>2</v8:FractionDigits>
									<v8:AllowedSign>Any</v8:AllowedSign>
								</v8:NumberQualifiers>
							</Type>
							<PasswordMode>false</PasswordMode>
							<Format/>
							<EditFormat/>
							<ToolTip/>
							<MarkNegatives>false</MarkNegatives>
							<Mask/>
							<MultiLine>false</MultiLine>
							<ExtendedEdit>false</ExtendedEdit>
							<MinValue xsi:nil="true"/>
							<MaxValue xsi:nil="true"/>
							<FillChecking>DontCheck</FillChecking>
							<ChoiceFoldersAndItems>Items</ChoiceFoldersAndItems>
							<ChoiceParameterLinks/>
							<ChoiceParameters/>
							<QuickChoice>Auto</QuickChoice>
							<CreateOnInput>Auto</CreateOnInput>
							<ChoiceForm/>
							<LinkByType/>
							<ChoiceHistoryOnInput>Auto</ChoiceHistoryOnInput>
							<Indexing>DontIndex</Indexing>
							<FullTextSearch>Use</FullTextSearch>
							<DataHistory>Use</DataHistory>
						</Properties>
					</Attribute>
				</ChildObjects>
			</TabularSection>
			<TabularSection uuid="2981f27b-312a-4d86-94b5-9af1dc59a52d">
				<InternalInfo>
					<xr:GeneratedType name="DocumentTabularSection.СписаниеБезналичныхДенежныхСредств.РасшифровкаПлатежа" category="TabularSection">
						<xr:TypeId>e3dc8979-7eba-4511-87f7-b01da318fbc7</xr:TypeId>
						<xr:ValueId>f15f6e21-b660-43bb-ae6e-81f64af01298</xr:ValueId>
					</xr:GeneratedType>
					<xr:GeneratedType name="DocumentTabularSectionRow.СписаниеБезналичныхДенежныхСредств.РасшифровкаПлатежа" category="TabularSectionRow">
						<xr:TypeId>aa5c4f99-3ed4-4a2d-bf42-47e2087a940c</xr:TypeId>
						<xr:ValueId>b08df404-ffc4-4d7f-9106-05815c4ca176</xr:ValueId>
					</xr:GeneratedType>
				</InternalInfo>
				<Properties>
					<ObjectBelonging>Adopted</ObjectBelonging>
					<Name>РасшифровкаПлатежа</Name>
					<Comment/>
					<ExtendedConfigurationObject>ab2b4e73-8dc2-4506-995b-60a7baebb5de</ExtendedConfigurationObject>
				</Properties>
				<ChildObjects/>
			</TabularSection>
		</ChildObjects>
	</Document>
</MetaDataObject>