﻿<?xml version="1.0" encoding="UTF-8"?>
<MetaDataObject xmlns="http://v8.1c.ru/8.3/MDClasses" xmlns:app="http://v8.1c.ru/8.2/managed-application/core" xmlns:cfg="http://v8.1c.ru/8.1/data/enterprise/current-config" xmlns:cmi="http://v8.1c.ru/8.2/managed-application/cmi" xmlns:ent="http://v8.1c.ru/8.1/data/enterprise" xmlns:lf="http://v8.1c.ru/8.2/managed-application/logform" xmlns:style="http://v8.1c.ru/8.1/data/ui/style" xmlns:sys="http://v8.1c.ru/8.1/data/ui/fonts/system" xmlns:v8="http://v8.1c.ru/8.1/data/core" xmlns:v8ui="http://v8.1c.ru/8.1/data/ui" xmlns:web="http://v8.1c.ru/8.1/data/ui/colors/web" xmlns:win="http://v8.1c.ru/8.1/data/ui/colors/windows" xmlns:xen="http://v8.1c.ru/8.3/xcf/enums" xmlns:xpr="http://v8.1c.ru/8.3/xcf/predef" xmlns:xr="http://v8.1c.ru/8.3/xcf/readable" xmlns:xs="http://www.w3.org/2001/XMLSchema" xmlns:xsi="http://www.w3.org/2001/XMLSchema-instance" version="2.20">
	<Document uuid="ebb206bc-9582-42eb-b061-8b2fb2507c42">
		<InternalInfo>
			<xr:GeneratedType name="DocumentObject.ТаможеннаяДекларацияИмпорт" category="Object">
				<xr:TypeId>e72a3aa2-9a71-439f-8917-4b79c1c7c9b6</xr:TypeId>
				<xr:ValueId>5a16b702-4052-428d-81e1-8d7e25fe5bde</xr:ValueId>
			</xr:GeneratedType>
			<xr:GeneratedType name="DocumentRef.ТаможеннаяДекларацияИмпорт" category="Ref">
				<xr:TypeId>4148a9e7-b477-454a-839c-22980ee0b041</xr:TypeId>
				<xr:ValueId>67d719d1-dbfe-470f-a5bf-a4f56b1feb9b</xr:ValueId>
			</xr:GeneratedType>
			<xr:GeneratedType name="DocumentSelection.ТаможеннаяДекларацияИмпорт" category="Selection">
				<xr:TypeId>ca9591b9-6f0a-4690-85cd-c1268010d546</xr:TypeId>
				<xr:ValueId>2800f849-c69a-4248-84b3-f901f63ef33a</xr:ValueId>
			</xr:GeneratedType>
			<xr:GeneratedType name="DocumentList.ТаможеннаяДекларацияИмпорт" category="List">
				<xr:TypeId>9ef36e90-20dc-42ce-8a18-31268ecda6e2</xr:TypeId>
				<xr:ValueId>a2287947-53cd-4d37-aa35-148db3b98cdc</xr:ValueId>
			</xr:GeneratedType>
			<xr:GeneratedType name="DocumentManager.ТаможеннаяДекларацияИмпорт" category="Manager">
				<xr:TypeId>8dc680d7-fffa-4afc-b577-7d8a44ae5dfc</xr:TypeId>
				<xr:ValueId>79c21650-4d9d-4d5f-9619-ad1b14936086</xr:ValueId>
			</xr:GeneratedType>
		</InternalInfo>
		<Properties>
			<ObjectBelonging>Adopted</ObjectBelonging>
			<Name>ТаможеннаяДекларацияИмпорт</Name>
			<Comment/>
			<ExtendedConfigurationObject>9ca75ff4-fa62-49dd-9655-4570cc73fdd9</ExtendedConfigurationObject>
			<RegisterRecords/>
		</Properties>
		<ChildObjects>
			<Attribute uuid="ebecf972-7c36-4c18-8ee7-01019db616b2">
				<Properties>
					<Name>ГозКонтракт</Name>
					<Synonym>
						<v8:item>
							<v8:lang>ru</v8:lang>
							<v8:content>ГОЗ контракт</v8:content>
						</v8:item>
					</Synonym>
					<Comment/>
					<Type>
						<v8:Type>cfg:DocumentRef.КонтрактыГОЗ</v8:Type>
					</Type>
					<PasswordMode>false</PasswordMode>
					<Format/>
					<EditFormat/>
					<ToolTip/>
					<MarkNegatives>false</MarkNegatives>
					<Mask/>
					<MultiLine>false</MultiLine>
					<ExtendedEdit>false</ExtendedEdit>
					<MinValue xsi:nil="true"/>
					<MaxValue xsi:nil="true"/>
					<FillFromFillingValue>false</FillFromFillingValue>
					<FillValue xsi:nil="true"/>
					<FillChecking>DontCheck</FillChecking>
					<ChoiceFoldersAndItems>Items</ChoiceFoldersAndItems>
					<ChoiceParameterLinks/>
					<ChoiceParameters/>
					<QuickChoice>Auto</QuickChoice>
					<CreateOnInput>Auto</CreateOnInput>
					<ChoiceForm/>
					<LinkByType/>
					<ChoiceHistoryOnInput>Auto</ChoiceHistoryOnInput>
					<Indexing>DontIndex</Indexing>
					<FullTextSearch>Use</FullTextSearch>
					<DataHistory>Use</DataHistory>
				</Properties>
			</Attribute>
			<Attribute uuid="d1612c67-bcaa-4a9f-b3a9-f3a8d273e616">
				<Properties>
					<Name>СтатьиРасходовГоз</Name>
					<Synonym>
						<v8:item>
							<v8:lang>ru</v8:lang>
							<v8:content>Статьи расходов гоз</v8:content>
						</v8:item>
					</Synonym>
					<Comment/>
					<Type>
						<v8:Type>cfg:ChartOfCharacteristicTypesRef.СтатьиРасходов</v8:Type>
					</Type>
					<PasswordMode>false</PasswordMode>
					<Format/>
					<EditFormat/>
					<ToolTip/>
					<MarkNegatives>false</MarkNegatives>
					<Mask/>
					<MultiLine>false</MultiLine>
					<ExtendedEdit>false</ExtendedEdit>
					<MinValue xsi:nil="true"/>
					<MaxValue xsi:nil="true"/>
					<FillFromFillingValue>false</FillFromFillingValue>
					<FillValue xsi:nil="true"/>
					<FillChecking>DontCheck</FillChecking>
					<ChoiceFoldersAndItems>Items</ChoiceFoldersAndItems>
					<ChoiceParameterLinks/>
					<ChoiceParameters/>
					<QuickChoice>Auto</QuickChoice>
					<CreateOnInput>Auto</CreateOnInput>
					<ChoiceForm/>
					<LinkByType/>
					<ChoiceHistoryOnInput>Auto</ChoiceHistoryOnInput>
					<Indexing>DontIndex</Indexing>
					<FullTextSearch>Use</FullTextSearch>
					<DataHistory>Use</DataHistory>
				</Properties>
			</Attribute>
			<Attribute uuid="10887ad6-38ef-447c-8783-ffe6566cf7e2">
				<InternalInfo/>
				<Properties>
					<ObjectBelonging>Adopted</ObjectBelonging>
					<Name>Контрагент</Name>
					<Comment/>
					<ExtendedConfigurationObject>6624cb9e-95a3-499f-b7c2-6935948cdee1</ExtendedConfigurationObject>
					<Type>
						<v8:Type>cfg:CatalogRef.Контрагенты</v8:Type>
					</Type>
				</Properties>
			</Attribute>
			<Attribute uuid="edde1127-0d84-4cf7-846e-bb8417db0cfd">
				<InternalInfo/>
				<Properties>
					<ObjectBelonging>Adopted</ObjectBelonging>
					<Name>СуммаДокумента</Name>
					<Comment/>
					<ExtendedConfigurationObject>7fa67541-f84d-4f6b-944e-e735aacc5b71</ExtendedConfigurationObject>
					<Type>
						<v8:TypeSet>cfg:DefinedType.ДенежнаяСуммаЛюбогоЗнака</v8:TypeSet>
					</Type>
				</Properties>
			</Attribute>
			<Attribute uuid="37b0e493-f7ce-40af-8263-05778beca59e">
				<Properties>
					<Name>ПроектРазвития</Name>
					<Synonym>
						<v8:item>
							<v8:lang>ru</v8:lang>
							<v8:content>Проект развития</v8:content>
						</v8:item>
					</Synonym>
					<Comment/>
					<Type>
						<v8:Type>cfg:CatalogRef.ПроектыРазвития</v8:Type>
					</Type>
					<PasswordMode>false</PasswordMode>
					<Format/>
					<EditFormat/>
					<ToolTip/>
					<MarkNegatives>false</MarkNegatives>
					<Mask/>
					<MultiLine>false</MultiLine>
					<ExtendedEdit>false</ExtendedEdit>
					<MinValue xsi:nil="true"/>
					<MaxValue xsi:nil="true"/>
					<FillFromFillingValue>false</FillFromFillingValue>
					<FillValue xsi:nil="true"/>
					<FillChecking>DontCheck</FillChecking>
					<ChoiceFoldersAndItems>Items</ChoiceFoldersAndItems>
					<ChoiceParameterLinks/>
					<ChoiceParameters/>
					<QuickChoice>Auto</QuickChoice>
					<CreateOnInput>Auto</CreateOnInput>
					<ChoiceForm/>
					<LinkByType/>
					<ChoiceHistoryOnInput>Auto</ChoiceHistoryOnInput>
					<Indexing>DontIndex</Indexing>
					<FullTextSearch>Use</FullTextSearch>
					<DataHistory>Use</DataHistory>
				</Properties>
			</Attribute>
			<Form>ФормаДокумента</Form>
			<TabularSection uuid="5245c501-8446-4e92-93c8-c3c08e0604cd">
				<InternalInfo>
					<xr:GeneratedType name="DocumentTabularSection.ТаможеннаяДекларацияИмпорт.Разделы" category="TabularSection">
						<xr:TypeId>bfe66356-f66d-4abd-8bbd-cc7385c7c896</xr:TypeId>
						<xr:ValueId>d20c09a0-a600-444c-89ec-482cd305d18c</xr:ValueId>
					</xr:GeneratedType>
					<xr:GeneratedType name="DocumentTabularSectionRow.ТаможеннаяДекларацияИмпорт.Разделы" category="TabularSectionRow">
						<xr:TypeId>9cab729f-616c-4f40-bc13-b07bee0a14e8</xr:TypeId>
						<xr:ValueId>45f979b0-ca58-4366-bcc8-5a45f16faa0d</xr:ValueId>
					</xr:GeneratedType>
				</InternalInfo>
				<Properties>
					<ObjectBelonging>Adopted</ObjectBelonging>
					<Name>Разделы</Name>
					<Comment/>
					<ExtendedConfigurationObject>3f887654-645d-4c45-8940-b9f99f913140</ExtendedConfigurationObject>
				</Properties>
				<ChildObjects/>
			</TabularSection>
		</ChildObjects>
	</Document>
</MetaDataObject>