﻿<?xml version="1.0" encoding="UTF-8"?>
<MetaDataObject xmlns="http://v8.1c.ru/8.3/MDClasses" xmlns:app="http://v8.1c.ru/8.2/managed-application/core" xmlns:cfg="http://v8.1c.ru/8.1/data/enterprise/current-config" xmlns:cmi="http://v8.1c.ru/8.2/managed-application/cmi" xmlns:ent="http://v8.1c.ru/8.1/data/enterprise" xmlns:lf="http://v8.1c.ru/8.2/managed-application/logform" xmlns:style="http://v8.1c.ru/8.1/data/ui/style" xmlns:sys="http://v8.1c.ru/8.1/data/ui/fonts/system" xmlns:v8="http://v8.1c.ru/8.1/data/core" xmlns:v8ui="http://v8.1c.ru/8.1/data/ui" xmlns:web="http://v8.1c.ru/8.1/data/ui/colors/web" xmlns:win="http://v8.1c.ru/8.1/data/ui/colors/windows" xmlns:xen="http://v8.1c.ru/8.3/xcf/enums" xmlns:xpr="http://v8.1c.ru/8.3/xcf/predef" xmlns:xr="http://v8.1c.ru/8.3/xcf/readable" xmlns:xs="http://www.w3.org/2001/XMLSchema" xmlns:xsi="http://www.w3.org/2001/XMLSchema-instance" version="2.20">
	<Document uuid="14b4670f-f56a-417c-823a-606358d74a1c">
		<InternalInfo>
			<xr:GeneratedType name="DocumentObject.КорректировкаРеализации" category="Object">
				<xr:TypeId>161b3f01-a15e-4550-81ea-cc4a0efb5ee4</xr:TypeId>
				<xr:ValueId>743a0b50-1342-469b-8253-58a452b7c72a</xr:ValueId>
			</xr:GeneratedType>
			<xr:GeneratedType name="DocumentRef.КорректировкаРеализации" category="Ref">
				<xr:TypeId>a0ec6b33-a09d-46ed-8483-35262c05e309</xr:TypeId>
				<xr:ValueId>7dc69d09-3d3e-40b6-be03-71d89eafbd08</xr:ValueId>
			</xr:GeneratedType>
			<xr:GeneratedType name="DocumentSelection.КорректировкаРеализации" category="Selection">
				<xr:TypeId>deddc4d6-a25f-4055-885d-e20e62f1e10c</xr:TypeId>
				<xr:ValueId>cae979fe-00a9-45dc-8de1-18618d7a481b</xr:ValueId>
			</xr:GeneratedType>
			<xr:GeneratedType name="DocumentList.КорректировкаРеализации" category="List">
				<xr:TypeId>976236aa-1d22-4b9e-b9a7-585fb78afcac</xr:TypeId>
				<xr:ValueId>7205ddda-e37b-4034-acbd-eb6d2f7a9090</xr:ValueId>
			</xr:GeneratedType>
			<xr:GeneratedType name="DocumentManager.КорректировкаРеализации" category="Manager">
				<xr:TypeId>02184bc7-7215-4b5a-902c-198bd75e9dfc</xr:TypeId>
				<xr:ValueId>7a3f8294-72fd-4cc9-8cec-51df64be78bb</xr:ValueId>
			</xr:GeneratedType>
			<xr:PropertyState>
				<xr:Property>ObjectModule</xr:Property>
				<xr:State>Extended</xr:State>
			</xr:PropertyState>
		</InternalInfo>
		<Properties>
			<ObjectBelonging>Adopted</ObjectBelonging>
			<Name>КорректировкаРеализации</Name>
			<Comment/>
			<ExtendedConfigurationObject>69ec59c6-f56d-4522-9097-9fe67516b81d</ExtendedConfigurationObject>
			<RegisterRecords/>
		</Properties>
		<ChildObjects>
			<Attribute uuid="8aeda4db-de59-428b-9c34-9b9cbf203ddc">
				<Properties>
					<Name>ГозКонтракт</Name>
					<Synonym>
						<v8:item>
							<v8:lang>ru</v8:lang>
							<v8:content>ГОЗ контракт</v8:content>
						</v8:item>
					</Synonym>
					<Comment/>
					<Type>
						<v8:Type>cfg:DocumentRef.КонтрактыГОЗ</v8:Type>
					</Type>
					<PasswordMode>false</PasswordMode>
					<Format/>
					<EditFormat/>
					<ToolTip/>
					<MarkNegatives>false</MarkNegatives>
					<Mask/>
					<MultiLine>false</MultiLine>
					<ExtendedEdit>false</ExtendedEdit>
					<MinValue xsi:nil="true"/>
					<MaxValue xsi:nil="true"/>
					<FillFromFillingValue>false</FillFromFillingValue>
					<FillValue xsi:nil="true"/>
					<FillChecking>DontCheck</FillChecking>
					<ChoiceFoldersAndItems>Items</ChoiceFoldersAndItems>
					<ChoiceParameterLinks/>
					<ChoiceParameters/>
					<QuickChoice>Auto</QuickChoice>
					<CreateOnInput>Auto</CreateOnInput>
					<ChoiceForm/>
					<LinkByType/>
					<ChoiceHistoryOnInput>Auto</ChoiceHistoryOnInput>
					<Indexing>DontIndex</Indexing>
					<FullTextSearch>Use</FullTextSearch>
					<DataHistory>Use</DataHistory>
				</Properties>
			</Attribute>
			<Attribute uuid="ab999990-731d-4e87-9d88-9db68b2d9774">
				<InternalInfo/>
				<Properties>
					<ObjectBelonging>Adopted</ObjectBelonging>
					<Name>Контрагент</Name>
					<Comment/>
					<ExtendedConfigurationObject>b2446bab-37cc-4041-8467-91555f3537e6</ExtendedConfigurationObject>
					<Type>
						<v8:Type>cfg:CatalogRef.Контрагенты</v8:Type>
					</Type>
				</Properties>
			</Attribute>
			<Attribute uuid="88d1918e-f4dd-45c4-8712-baa7fc201b68">
				<InternalInfo/>
				<Properties>
					<ObjectBelonging>Adopted</ObjectBelonging>
					<Name>СуммаДокумента</Name>
					<Comment/>
					<ExtendedConfigurationObject>ac878c96-3a3a-4a6d-9448-252c31a137b1</ExtendedConfigurationObject>
					<Type>
						<v8:TypeSet>cfg:DefinedType.ДенежнаяСуммаНеотрицательная</v8:TypeSet>
					</Type>
				</Properties>
			</Attribute>
			<Attribute uuid="bffb1915-6997-4594-9c00-5707199c5918">
				<InternalInfo/>
				<Properties>
					<ObjectBelonging>Adopted</ObjectBelonging>
					<Name>ДокументОснование</Name>
					<Comment/>
					<ExtendedConfigurationObject>b2744698-9547-44bb-9ccf-8bec8b6871db</ExtendedConfigurationObject>
					<Type>
						<v8:TypeSet>cfg:AnyRef</v8:TypeSet>
					</Type>
				</Properties>
			</Attribute>
			<Form>ФормаДокумента</Form>
		</ChildObjects>
	</Document>
</MetaDataObject>