﻿<?xml version="1.0" encoding="UTF-8"?>
<MetaDataObject xmlns="http://v8.1c.ru/8.3/MDClasses" xmlns:app="http://v8.1c.ru/8.2/managed-application/core" xmlns:cfg="http://v8.1c.ru/8.1/data/enterprise/current-config" xmlns:cmi="http://v8.1c.ru/8.2/managed-application/cmi" xmlns:ent="http://v8.1c.ru/8.1/data/enterprise" xmlns:lf="http://v8.1c.ru/8.2/managed-application/logform" xmlns:style="http://v8.1c.ru/8.1/data/ui/style" xmlns:sys="http://v8.1c.ru/8.1/data/ui/fonts/system" xmlns:v8="http://v8.1c.ru/8.1/data/core" xmlns:v8ui="http://v8.1c.ru/8.1/data/ui" xmlns:web="http://v8.1c.ru/8.1/data/ui/colors/web" xmlns:win="http://v8.1c.ru/8.1/data/ui/colors/windows" xmlns:xen="http://v8.1c.ru/8.3/xcf/enums" xmlns:xpr="http://v8.1c.ru/8.3/xcf/predef" xmlns:xr="http://v8.1c.ru/8.3/xcf/readable" xmlns:xs="http://www.w3.org/2001/XMLSchema" xmlns:xsi="http://www.w3.org/2001/XMLSchema-instance" version="2.20">
	<Enum uuid="f5e30345-d281-44cb-b105-471d86263273">
		<InternalInfo>
			<xr:GeneratedType name="EnumRef.СпособыДоставки" category="Ref">
				<xr:TypeId>2628fedf-9446-4533-b857-979e614f9a33</xr:TypeId>
				<xr:ValueId>7293daab-b6e9-4737-a7c9-c522cc48e25b</xr:ValueId>
			</xr:GeneratedType>
			<xr:GeneratedType name="EnumManager.СпособыДоставки" category="Manager">
				<xr:TypeId>0c663340-43ac-4f31-bc90-adf6dfa92292</xr:TypeId>
				<xr:ValueId>52d61c4c-2387-4886-a826-97a97bdd20d3</xr:ValueId>
			</xr:GeneratedType>
			<xr:GeneratedType name="EnumList.СпособыДоставки" category="List">
				<xr:TypeId>7bd0b663-e2e2-4711-a156-3ef142c8ccaf</xr:TypeId>
				<xr:ValueId>2cb8d7a4-b3c1-425a-84c0-d278ccfdefa3</xr:ValueId>
			</xr:GeneratedType>
		</InternalInfo>
		<Properties>
			<ObjectBelonging>Adopted</ObjectBelonging>
			<Name>СпособыДоставки</Name>
			<Comment/>
			<ExtendedConfigurationObject>e84f811f-b8c6-4c9c-9e98-f10ab90f1702</ExtendedConfigurationObject>
		</Properties>
		<ChildObjects>
			<EnumValue uuid="3e86d881-a32e-4b19-aa4c-9edbc2ad5f79">
				<InternalInfo/>
				<Properties>
					<ObjectBelonging>Adopted</ObjectBelonging>
					<Name>Самовывоз</Name>
					<Comment/>
					<ExtendedConfigurationObject>f442a653-b32b-4be9-9b5e-4a5abb206d85</ExtendedConfigurationObject>
				</Properties>
			</EnumValue>
			<EnumValue uuid="0b41b3ad-d2d7-43ba-af12-c7564f251987">
				<InternalInfo/>
				<Properties>
					<ObjectBelonging>Adopted</ObjectBelonging>
					<Name>ДоКлиента</Name>
					<Comment/>
					<ExtendedConfigurationObject>3c09e30d-ef7d-4e10-9b7e-c3d470857e36</ExtendedConfigurationObject>
				</Properties>
			</EnumValue>
			<EnumValue uuid="160b3d69-b7d8-42cc-ae4b-ab7b1743582c">
				<InternalInfo/>
				<Properties>
					<ObjectBelonging>Adopted</ObjectBelonging>
					<Name>СиламиПеревозчикаПоАдресу</Name>
					<Comment/>
					<ExtendedConfigurationObject>066e8fb0-3813-4481-b4bf-edfafab4aed9</ExtendedConfigurationObject>
				</Properties>
			</EnumValue>
			<EnumValue uuid="f641e6c8-600f-46cf-b4fe-ef216150cc41">
				<InternalInfo/>
				<Properties>
					<ObjectBelonging>Adopted</ObjectBelonging>
					<Name>СиламиПеревозчика</Name>
					<Comment/>
					<ExtendedConfigurationObject>b983ffd7-6fee-4341-823c-bc970e783c64</ExtendedConfigurationObject>
				</Properties>
			</EnumValue>
			<EnumValue uuid="39ea2469-5ed1-46e5-b7ca-1c2bac65556a">
				<InternalInfo/>
				<Properties>
					<ObjectBelonging>Adopted</ObjectBelonging>
					<Name>КПолучателюОпределяетСлужбаДоставки</Name>
					<Comment/>
					<ExtendedConfigurationObject>c07693f6-6c15-46b9-8ea5-6560cf995152</ExtendedConfigurationObject>
				</Properties>
			</EnumValue>
			<EnumValue uuid="6313ac5d-22c2-44fb-92a1-1cd9624a29f6">
				<InternalInfo/>
				<Properties>
					<ObjectBelonging>Adopted</ObjectBelonging>
					<Name>СиламиПоставщикаДоНашегоСклада</Name>
					<Comment/>
					<ExtendedConfigurationObject>98432b29-54a0-461b-8949-90d8b093d361</ExtendedConfigurationObject>
				</Properties>
			</EnumValue>
			<EnumValue uuid="43ad61b9-3561-4864-ae01-aa8b542f3a1d">
				<InternalInfo/>
				<Properties>
					<ObjectBelonging>Adopted</ObjectBelonging>
					<Name>НашимиСиламиСАдресаОтправителя</Name>
					<Comment/>
					<ExtendedConfigurationObject>280f7296-5e90-4427-8283-20b46e71e378</ExtendedConfigurationObject>
				</Properties>
			</EnumValue>
			<EnumValue uuid="68092000-9bb0-4460-86b7-6309f7a02c1c">
				<InternalInfo/>
				<Properties>
					<ObjectBelonging>Adopted</ObjectBelonging>
					<Name>СиламиПеревозчикаДоПунктаПередачи</Name>
					<Comment/>
					<ExtendedConfigurationObject>f416de4c-0e65-4c7a-ac1b-6006787f8f96</ExtendedConfigurationObject>
				</Properties>
			</EnumValue>
			<EnumValue uuid="5ce9d888-265e-41f5-9330-6a04e09b1829">
				<InternalInfo/>
				<Properties>
					<ObjectBelonging>Adopted</ObjectBelonging>
					<Name>СиламиПеревозчикаДоНашегоСклада</Name>
					<Comment/>
					<ExtendedConfigurationObject>f9e83d06-ca35-4604-8a3b-7763e3d4f9e8</ExtendedConfigurationObject>
				</Properties>
			</EnumValue>
			<EnumValue uuid="4b6972c5-2a03-413d-84ac-926da38a068a">
				<InternalInfo/>
				<Properties>
					<ObjectBelonging>Adopted</ObjectBelonging>
					<Name>ОтОтправителяОпределяетСлужбаДоставки</Name>
					<Comment/>
					<ExtendedConfigurationObject>f05a8baa-f36f-47cf-b83c-fdc47a0c74e5</ExtendedConfigurationObject>
				</Properties>
			</EnumValue>
		</ChildObjects>
	</Enum>
</MetaDataObject>