﻿<?xml version="1.0" encoding="UTF-8"?>
<MetaDataObject xmlns="http://v8.1c.ru/8.3/MDClasses" xmlns:app="http://v8.1c.ru/8.2/managed-application/core" xmlns:cfg="http://v8.1c.ru/8.1/data/enterprise/current-config" xmlns:cmi="http://v8.1c.ru/8.2/managed-application/cmi" xmlns:ent="http://v8.1c.ru/8.1/data/enterprise" xmlns:lf="http://v8.1c.ru/8.2/managed-application/logform" xmlns:style="http://v8.1c.ru/8.1/data/ui/style" xmlns:sys="http://v8.1c.ru/8.1/data/ui/fonts/system" xmlns:v8="http://v8.1c.ru/8.1/data/core" xmlns:v8ui="http://v8.1c.ru/8.1/data/ui" xmlns:web="http://v8.1c.ru/8.1/data/ui/colors/web" xmlns:win="http://v8.1c.ru/8.1/data/ui/colors/windows" xmlns:xen="http://v8.1c.ru/8.3/xcf/enums" xmlns:xpr="http://v8.1c.ru/8.3/xcf/predef" xmlns:xr="http://v8.1c.ru/8.3/xcf/readable" xmlns:xs="http://www.w3.org/2001/XMLSchema" xmlns:xsi="http://www.w3.org/2001/XMLSchema-instance" version="2.20">
	<Enum uuid="2db06a3c-6d3d-483e-85a4-cb013e7980e6">
		<InternalInfo>
			<xr:GeneratedType name="EnumRef.СпособыФормированияСегментов" category="Ref">
				<xr:TypeId>1c36dcb2-da18-4653-8187-0150473b4b29</xr:TypeId>
				<xr:ValueId>129b4585-c4f1-4a66-b8ce-b186bb277ee8</xr:ValueId>
			</xr:GeneratedType>
			<xr:GeneratedType name="EnumManager.СпособыФормированияСегментов" category="Manager">
				<xr:TypeId>446f5503-94a3-4db5-9992-bb4965670538</xr:TypeId>
				<xr:ValueId>8221f618-58cb-4b14-8135-9b6e9b5a3941</xr:ValueId>
			</xr:GeneratedType>
			<xr:GeneratedType name="EnumList.СпособыФормированияСегментов" category="List">
				<xr:TypeId>fc819511-a0e0-4da4-8864-ef1295577e28</xr:TypeId>
				<xr:ValueId>63757710-374f-4b15-afba-c46cb1d6b429</xr:ValueId>
			</xr:GeneratedType>
		</InternalInfo>
		<Properties>
			<ObjectBelonging>Adopted</ObjectBelonging>
			<Name>СпособыФормированияСегментов</Name>
			<Comment/>
			<ExtendedConfigurationObject>8d80942d-60a7-4f33-9707-68aa5d077496</ExtendedConfigurationObject>
		</Properties>
		<ChildObjects>
			<EnumValue uuid="bc8079f8-01a9-4960-a05e-d2cc3e88ca10">
				<InternalInfo/>
				<Properties>
					<ObjectBelonging>Adopted</ObjectBelonging>
					<Name>ФормироватьВручную</Name>
					<Comment/>
					<ExtendedConfigurationObject>e14b9750-5d04-4861-9a6b-3da72b48a5b5</ExtendedConfigurationObject>
				</Properties>
			</EnumValue>
			<EnumValue uuid="511c3f33-0c11-47aa-b8a1-8ebfb0b297fc">
				<InternalInfo/>
				<Properties>
					<ObjectBelonging>Adopted</ObjectBelonging>
					<Name>ПериодическиОбновлять</Name>
					<Comment/>
					<ExtendedConfigurationObject>2d6ce8b0-5b77-4b73-93e5-829242f25c0d</ExtendedConfigurationObject>
				</Properties>
			</EnumValue>
		</ChildObjects>
	</Enum>
</MetaDataObject>