﻿<?xml version="1.0" encoding="UTF-8"?>
<MetaDataObject xmlns="http://v8.1c.ru/8.3/MDClasses" xmlns:app="http://v8.1c.ru/8.2/managed-application/core" xmlns:cfg="http://v8.1c.ru/8.1/data/enterprise/current-config" xmlns:cmi="http://v8.1c.ru/8.2/managed-application/cmi" xmlns:ent="http://v8.1c.ru/8.1/data/enterprise" xmlns:lf="http://v8.1c.ru/8.2/managed-application/logform" xmlns:style="http://v8.1c.ru/8.1/data/ui/style" xmlns:sys="http://v8.1c.ru/8.1/data/ui/fonts/system" xmlns:v8="http://v8.1c.ru/8.1/data/core" xmlns:v8ui="http://v8.1c.ru/8.1/data/ui" xmlns:web="http://v8.1c.ru/8.1/data/ui/colors/web" xmlns:win="http://v8.1c.ru/8.1/data/ui/colors/windows" xmlns:xen="http://v8.1c.ru/8.3/xcf/enums" xmlns:xpr="http://v8.1c.ru/8.3/xcf/predef" xmlns:xr="http://v8.1c.ru/8.3/xcf/readable" xmlns:xs="http://www.w3.org/2001/XMLSchema" xmlns:xsi="http://www.w3.org/2001/XMLSchema-instance" version="2.20">
	<Enum uuid="7d7c6b96-9337-461b-aebb-95fc37f66336">
		<InternalInfo>
			<xr:GeneratedType name="EnumRef.ХозяйственныеОперации" category="Ref">
				<xr:TypeId>86321dd3-a1f8-4c82-9eff-cbd914c6eddc</xr:TypeId>
				<xr:ValueId>95f9d170-368e-46bb-a548-6c54cdf12dbb</xr:ValueId>
			</xr:GeneratedType>
			<xr:GeneratedType name="EnumManager.ХозяйственныеОперации" category="Manager">
				<xr:TypeId>9cde8c63-5593-4bfb-9221-0b98e8a2890d</xr:TypeId>
				<xr:ValueId>a45dd051-8461-413d-8cad-8171ab27e7fa</xr:ValueId>
			</xr:GeneratedType>
			<xr:GeneratedType name="EnumList.ХозяйственныеОперации" category="List">
				<xr:TypeId>3031e60b-8321-4dbc-9c39-a1c2b1c39be1</xr:TypeId>
				<xr:ValueId>655f2b87-13d2-459a-b5d3-dbe3f035f5d2</xr:ValueId>
			</xr:GeneratedType>
		</InternalInfo>
		<Properties>
			<ObjectBelonging>Adopted</ObjectBelonging>
			<Name>ХозяйственныеОперации</Name>
			<Comment/>
			<ExtendedConfigurationObject>351b0c5b-74c3-4aaa-a93b-7246b941f797</ExtendedConfigurationObject>
		</Properties>
		<ChildObjects>
			<EnumValue uuid="771e6e5f-09fe-42dd-ba3d-a847d50c16ed">
				<InternalInfo/>
				<Properties>
					<ObjectBelonging>Adopted</ObjectBelonging>
					<Name>ВыдачаДенежныхСредствПодотчетнику</Name>
					<Comment/>
					<ExtendedConfigurationObject>95818758-8542-4405-8773-6b644d757e22</ExtendedConfigurationObject>
				</Properties>
			</EnumValue>
			<EnumValue uuid="ced928b1-6d8c-4e56-9ab0-ff36e8d9a474">
				<InternalInfo/>
				<Properties>
					<ObjectBelonging>Adopted</ObjectBelonging>
					<Name>СдачаДенежныхСредствВБанк</Name>
					<Comment/>
					<ExtendedConfigurationObject>8ed431c8-e520-4853-99da-e30f78c67d3c</ExtendedConfigurationObject>
				</Properties>
			</EnumValue>
			<EnumValue uuid="80d9dd9f-87c0-4607-bb59-402231097b39">
				<InternalInfo/>
				<Properties>
					<ObjectBelonging>Adopted</ObjectBelonging>
					<Name>ОплатаДенежныхСредствВДругуюОрганизацию</Name>
					<Comment/>
					<ExtendedConfigurationObject>692215c8-f484-4e22-b24f-430cd2009fae</ExtendedConfigurationObject>
				</Properties>
			</EnumValue>
			<EnumValue uuid="b6dd94bb-9fba-4461-9a77-070fdbb13bba">
				<InternalInfo/>
				<Properties>
					<ObjectBelonging>Adopted</ObjectBelonging>
					<Name>ОплатаПоставщику</Name>
					<Comment/>
					<ExtendedConfigurationObject>1923f574-7981-46df-b96d-b293c2f88d8c</ExtendedConfigurationObject>
				</Properties>
			</EnumValue>
			<EnumValue uuid="961597e5-7161-4a02-b79b-6cb25051d512">
				<InternalInfo/>
				<Properties>
					<ObjectBelonging>Adopted</ObjectBelonging>
					<Name>ВнутренняяПередачаДенежныхСредств</Name>
					<Comment/>
					<ExtendedConfigurationObject>a07305c5-0d5c-4195-8220-2eb29fa05ef5</ExtendedConfigurationObject>
				</Properties>
			</EnumValue>
			<EnumValue uuid="0857d2ae-04f7-42d5-8eac-91fa96af88db">
				<InternalInfo/>
				<Properties>
					<ObjectBelonging>Adopted</ObjectBelonging>
					<Name>ВыплатаЗарплатыРаботнику</Name>
					<Comment/>
					<ExtendedConfigurationObject>883d636d-f604-43b6-9d3c-4aa11be20085</ExtendedConfigurationObject>
				</Properties>
			</EnumValue>
			<EnumValue uuid="0bde03d0-3fbb-4d97-86dc-fd2e8bf21761">
				<InternalInfo/>
				<Properties>
					<ObjectBelonging>Adopted</ObjectBelonging>
					<Name>ВыплатаЗарплатыЧерезКассу</Name>
					<Comment/>
					<ExtendedConfigurationObject>240b34c3-b18a-47c5-9f2f-bd241e23e42a</ExtendedConfigurationObject>
				</Properties>
			</EnumValue>
			<EnumValue uuid="81523ecf-2d12-47ef-a3fc-d504ec7c5b60">
				<InternalInfo/>
				<Properties>
					<ObjectBelonging>Adopted</ObjectBelonging>
					<Name>ВыплатаЗарплатыРаздатчиком</Name>
					<Comment/>
					<ExtendedConfigurationObject>987c15be-84c5-4923-a839-5533e7ab4c5c</ExtendedConfigurationObject>
				</Properties>
			</EnumValue>
			<EnumValue uuid="166530ea-208e-45a1-bfc3-ce0542584750">
				<InternalInfo/>
				<Properties>
					<ObjectBelonging>Adopted</ObjectBelonging>
					<Name>ИнкассацияДенежныхСредствВБанк</Name>
					<Comment/>
					<ExtendedConfigurationObject>5378e85b-b5ef-4819-816d-7cff3ed3291f</ExtendedConfigurationObject>
				</Properties>
			</EnumValue>
			<EnumValue uuid="3d4fa792-666f-42bf-a168-f354ac4cbda8">
				<InternalInfo/>
				<Properties>
					<ObjectBelonging>Adopted</ObjectBelonging>
					<Name>ВыдачаДенежныхСредствВДругуюКассу</Name>
					<Comment/>
					<ExtendedConfigurationObject>ce981ba1-51f7-44d0-99db-29d24af3a802</ExtendedConfigurationObject>
				</Properties>
			</EnumValue>
			<EnumValue uuid="6570f06b-1df8-46aa-acac-3408981f5b72">
				<InternalInfo/>
				<Properties>
					<ObjectBelonging>Adopted</ObjectBelonging>
					<Name>ВыдачаДенежныхСредствВКассуККМ</Name>
					<Comment/>
					<ExtendedConfigurationObject>c7a92b86-d4b7-444e-b574-99f2caed6111</ExtendedConfigurationObject>
				</Properties>
			</EnumValue>
			<EnumValue uuid="7444ba7a-e742-45e1-afce-8c49322098ab">
				<InternalInfo/>
				<Properties>
					<ObjectBelonging>Adopted</ObjectBelonging>
					<Name>ОплатаПоКредитам</Name>
					<Comment/>
					<ExtendedConfigurationObject>2d869152-e27f-4d56-a690-de6ac662ace2</ExtendedConfigurationObject>
				</Properties>
			</EnumValue>
			<EnumValue uuid="ef128836-e0d8-4709-9bca-9625690d8cc3">
				<InternalInfo/>
				<Properties>
					<ObjectBelonging>Adopted</ObjectBelonging>
					<Name>ВыдачаЗаймов</Name>
					<Comment/>
					<ExtendedConfigurationObject>b5771beb-5568-450d-963a-bfe9090b7f8c</ExtendedConfigurationObject>
				</Properties>
			</EnumValue>
			<EnumValue uuid="1cf9b05c-fe8b-416c-82c5-933e078e77f4">
				<InternalInfo/>
				<Properties>
					<ObjectBelonging>Adopted</ObjectBelonging>
					<Name>ВыдачаЗаймаСотруднику</Name>
					<Comment/>
					<ExtendedConfigurationObject>6915db6f-cc8d-4766-aca9-84cf48edcd58</ExtendedConfigurationObject>
				</Properties>
			</EnumValue>
			<EnumValue uuid="59e81f34-52ff-4b55-9eaa-d0514afc0fcc">
				<InternalInfo/>
				<Properties>
					<ObjectBelonging>Adopted</ObjectBelonging>
					<Name>КонвертацияВалюты</Name>
					<Comment/>
					<ExtendedConfigurationObject>da785c97-98fb-4ee6-8990-f175fe8496ef</ExtendedConfigurationObject>
				</Properties>
			</EnumValue>
			<EnumValue uuid="ce0aad03-36bd-4a7b-9475-77777fe526f3">
				<InternalInfo/>
				<Properties>
					<ObjectBelonging>Adopted</ObjectBelonging>
					<Name>ПрочаяВыдачаДенежныхСредств</Name>
					<Comment/>
					<ExtendedConfigurationObject>693adf02-fccb-4cd9-a092-f9fa532b7983</ExtendedConfigurationObject>
				</Properties>
			</EnumValue>
			<EnumValue uuid="a8bcf3c8-a9a2-4842-afe9-877e27c40532">
				<InternalInfo/>
				<Properties>
					<ObjectBelonging>Adopted</ObjectBelonging>
					<Name>ВозвратОплатыКлиенту</Name>
					<Comment/>
					<ExtendedConfigurationObject>724dc975-c8d5-4eea-b4af-52c1b39555e5</ExtendedConfigurationObject>
				</Properties>
			</EnumValue>
			<EnumValue uuid="92658f48-34b6-42d6-8610-c2f629b89545">
				<InternalInfo/>
				<Properties>
					<ObjectBelonging>Adopted</ObjectBelonging>
					<Name>ВозвратДенежныхСредствВДругуюОрганизацию</Name>
					<Comment/>
					<ExtendedConfigurationObject>51ad2381-0d1f-4a17-823e-32dfa2be2232</ExtendedConfigurationObject>
				</Properties>
			</EnumValue>
			<EnumValue uuid="61bdbcc4-5987-45a6-bee5-9fecc4b55060">
				<InternalInfo/>
				<Properties>
					<ObjectBelonging>Adopted</ObjectBelonging>
					<Name>ОплатаАрендодателю</Name>
					<Comment/>
					<ExtendedConfigurationObject>15ce947b-5b8c-4087-b372-2f3f60dedd76</ExtendedConfigurationObject>
				</Properties>
			</EnumValue>
			<EnumValue uuid="31ff8faa-4536-4b4a-8927-0c634c2d7284">
				<InternalInfo/>
				<Properties>
					<ObjectBelonging>Adopted</ObjectBelonging>
					<Name>ПоступлениеОплатыОтКлиента</Name>
					<Comment/>
					<ExtendedConfigurationObject>10db127e-a377-4878-8ead-955d0ff48e4d</ExtendedConfigurationObject>
				</Properties>
			</EnumValue>
			<EnumValue uuid="8c4175ab-d218-47a5-84c5-59e2811a186f">
				<InternalInfo/>
				<Properties>
					<ObjectBelonging>Adopted</ObjectBelonging>
					<Name>ПоступлениеДенежныхСредствИзДругойОрганизации</Name>
					<Comment/>
					<ExtendedConfigurationObject>6e69e44b-cbbe-4982-8f26-1be872c32c8c</ExtendedConfigurationObject>
				</Properties>
			</EnumValue>
			<EnumValue uuid="2b372687-0549-4d63-bf06-bd18892f65d4">
				<InternalInfo/>
				<Properties>
					<ObjectBelonging>Adopted</ObjectBelonging>
					<Name>ИнкассацияДенежныхСредствИзБанка</Name>
					<Comment/>
					<ExtendedConfigurationObject>dadac293-8e2e-4daa-ba9a-ab167dca3f46</ExtendedConfigurationObject>
				</Properties>
			</EnumValue>
			<EnumValue uuid="993e5c84-9ecc-433b-8a29-98775f18ed4b">
				<InternalInfo/>
				<Properties>
					<ObjectBelonging>Adopted</ObjectBelonging>
					<Name>ПрочееПоступлениеДенежныхСредств</Name>
					<Comment/>
					<ExtendedConfigurationObject>4ac85485-9869-40c0-8401-4c0baf1156e8</ExtendedConfigurationObject>
				</Properties>
			</EnumValue>
			<EnumValue uuid="46d36d16-637e-47a8-8605-9dfcd22aabd2">
				<InternalInfo/>
				<Properties>
					<ObjectBelonging>Adopted</ObjectBelonging>
					<Name>ПоступлениеДенежныхСредствИзДругойКассы</Name>
					<Comment/>
					<ExtendedConfigurationObject>1cf8111d-9689-46b5-b048-01942b9c91aa</ExtendedConfigurationObject>
				</Properties>
			</EnumValue>
			<EnumValue uuid="5bf15350-248c-4d8c-8755-16f9abe3aded">
				<InternalInfo/>
				<Properties>
					<ObjectBelonging>Adopted</ObjectBelonging>
					<Name>ПоступлениеДенежныхСредствИзКассыККМ</Name>
					<Comment/>
					<ExtendedConfigurationObject>f9500d19-47d4-45e9-b867-8546e73cc587</ExtendedConfigurationObject>
				</Properties>
			</EnumValue>
			<EnumValue uuid="58777a71-d9f6-43f3-812e-6d30cbdd188f">
				<InternalInfo/>
				<Properties>
					<ObjectBelonging>Adopted</ObjectBelonging>
					<Name>ПоступлениеДенежныхСредствИзБанка</Name>
					<Comment/>
					<ExtendedConfigurationObject>39b63e72-b74f-41a5-8d5c-68908eab2196</ExtendedConfigurationObject>
				</Properties>
			</EnumValue>
			<EnumValue uuid="3073509b-ab26-4c45-b7cc-aeeb070586e4">
				<InternalInfo/>
				<Properties>
					<ObjectBelonging>Adopted</ObjectBelonging>
					<Name>ПоступлениеДенежныхСредствПоКредитам</Name>
					<Comment/>
					<ExtendedConfigurationObject>b9fe55ec-e34e-456a-a063-8a1820ff6b8d</ExtendedConfigurationObject>
				</Properties>
			</EnumValue>
			<EnumValue uuid="26f927ad-b0ed-4cbc-b6cd-9c1bc0018c80">
				<InternalInfo/>
				<Properties>
					<ObjectBelonging>Adopted</ObjectBelonging>
					<Name>ПоступлениеДенежныхСредствПоЗаймамВыданным</Name>
					<Comment/>
					<ExtendedConfigurationObject>4cea7021-99a1-4ae8-b197-4a33688ff882</ExtendedConfigurationObject>
				</Properties>
			</EnumValue>
			<EnumValue uuid="5c3a519e-7837-4ed0-b40c-7b5a6e79007d">
				<InternalInfo/>
				<Properties>
					<ObjectBelonging>Adopted</ObjectBelonging>
					<Name>ПогашениеЗаймаСотрудником</Name>
					<Comment/>
					<ExtendedConfigurationObject>29c2681f-21ab-4e2a-a0bf-2b3bee568c76</ExtendedConfigurationObject>
				</Properties>
			</EnumValue>
			<EnumValue uuid="e9de6672-14d9-412e-add1-1bb9db0a5444">
				<InternalInfo/>
				<Properties>
					<ObjectBelonging>Adopted</ObjectBelonging>
					<Name>ВозвратДенежныхСредствОтПоставщика</Name>
					<Comment/>
					<ExtendedConfigurationObject>6bce5d35-b51a-4b89-8539-2ac2eb87fa3d</ExtendedConfigurationObject>
				</Properties>
			</EnumValue>
			<EnumValue uuid="666ddb18-0ed4-4e6a-a959-498d2c0383e0">
				<InternalInfo/>
				<Properties>
					<ObjectBelonging>Adopted</ObjectBelonging>
					<Name>ВозвратДенежныхСредствОтПодотчетника</Name>
					<Comment/>
					<ExtendedConfigurationObject>d23d95eb-aa25-4f32-9010-be00be4d7215</ExtendedConfigurationObject>
				</Properties>
			</EnumValue>
			<EnumValue uuid="badef8ef-548d-492d-82f8-e03094be8c59">
				<InternalInfo/>
				<Properties>
					<ObjectBelonging>Adopted</ObjectBelonging>
					<Name>ВозвратДенежныхСредствОтДругойОрганизации</Name>
					<Comment/>
					<ExtendedConfigurationObject>8adc8fdb-3180-4f55-b140-3b1c2a8a3a42</ExtendedConfigurationObject>
				</Properties>
			</EnumValue>
			<EnumValue uuid="46cc7b48-679c-42d2-a502-3d310be7cc21">
				<InternalInfo/>
				<Properties>
					<ObjectBelonging>Adopted</ObjectBelonging>
					<Name>ВозвратДенежныхСредствОтАрендодателя</Name>
					<Comment/>
					<ExtendedConfigurationObject>865f1a25-35d6-4509-98be-1c0be0897324</ExtendedConfigurationObject>
				</Properties>
			</EnumValue>
			<EnumValue uuid="54924f4e-5789-49bc-9b9c-7a39d19c8009">
				<InternalInfo/>
				<Properties>
					<ObjectBelonging>Adopted</ObjectBelonging>
					<Name>ВозвратНеперечисленнойЗарплатыПоЗарплатномуПроекту</Name>
					<Comment/>
					<ExtendedConfigurationObject>31929dfa-7279-421f-b4b9-582f5be1cdf7</ExtendedConfigurationObject>
				</Properties>
			</EnumValue>
			<EnumValue uuid="30e68bdb-497c-471c-8d31-134d6e12a48e">
				<InternalInfo/>
				<Properties>
					<ObjectBelonging>Adopted</ObjectBelonging>
					<Name>ПоступлениеОплатыПоПлатежнойКарте</Name>
					<Comment/>
					<ExtendedConfigurationObject>9ff12120-7050-4660-86f3-140446414c52</ExtendedConfigurationObject>
				</Properties>
			</EnumValue>
			<EnumValue uuid="94dfd2dd-7777-4e57-a768-a12edc6ae0af">
				<InternalInfo/>
				<Properties>
					<ObjectBelonging>Adopted</ObjectBelonging>
					<Name>ПоступлениеДенежныхСредствСДругогоСчета</Name>
					<Comment/>
					<ExtendedConfigurationObject>1c023e8f-1b5a-4b35-97d4-60fe80d01b9d</ExtendedConfigurationObject>
				</Properties>
			</EnumValue>
			<EnumValue uuid="cbd95bc5-38d9-4126-961b-11132f5d64a3">
				<InternalInfo/>
				<Properties>
					<ObjectBelonging>Adopted</ObjectBelonging>
					<Name>ПоступлениеДенежныхСредствИзКассыНаРасчетныйСчет</Name>
					<Comment/>
					<ExtendedConfigurationObject>a3a02f06-9e98-46a0-9f43-3b22273b464b</ExtendedConfigurationObject>
				</Properties>
			</EnumValue>
			<EnumValue uuid="bd2a6751-d9d5-46d1-b9a5-57f98ac56f52">
				<InternalInfo/>
				<Properties>
					<ObjectBelonging>Adopted</ObjectBelonging>
					<Name>ПоступлениеДенежныхСредствПоДепозитам</Name>
					<Comment/>
					<ExtendedConfigurationObject>eeb1bb2f-e486-4bd8-ad41-e45f34286664</ExtendedConfigurationObject>
				</Properties>
			</EnumValue>
			<EnumValue uuid="3d32843f-5e44-4407-93e4-e78634d6fd62">
				<InternalInfo/>
				<Properties>
					<ObjectBelonging>Adopted</ObjectBelonging>
					<Name>ВозвратНеперечисленныхДС</Name>
					<Comment/>
					<ExtendedConfigurationObject>656e6b4e-13d8-48be-8733-4b07cd1c1011</ExtendedConfigurationObject>
				</Properties>
			</EnumValue>
			<EnumValue uuid="b356219c-5c1f-45a0-ac58-4971dc391be7">
				<InternalInfo/>
				<Properties>
					<ObjectBelonging>Adopted</ObjectBelonging>
					<Name>ВозвратНалогов</Name>
					<Comment/>
					<ExtendedConfigurationObject>1818e828-c90c-4c57-aac0-0dbde13a4579</ExtendedConfigurationObject>
				</Properties>
			</EnumValue>
			<EnumValue uuid="d696dd28-ff71-42b1-ac34-b03ad026f58e">
				<InternalInfo/>
				<Properties>
					<ObjectBelonging>Adopted</ObjectBelonging>
					<Name>СборкаТоваров</Name>
					<Comment/>
					<ExtendedConfigurationObject>f675a52b-940a-480e-8374-c64ff49e4478</ExtendedConfigurationObject>
				</Properties>
			</EnumValue>
			<EnumValue uuid="48c7a5b7-2cea-4e53-ad46-da8f10c0a1b3">
				<InternalInfo/>
				<Properties>
					<ObjectBelonging>Adopted</ObjectBelonging>
					<Name>РазборкаТоваров</Name>
					<Comment/>
					<ExtendedConfigurationObject>ad2322ce-9ed5-4e79-ace7-6f03b97d9445</ExtendedConfigurationObject>
				</Properties>
			</EnumValue>
			<EnumValue uuid="1c432535-34bc-435c-9463-b2d21ad8e83d">
				<InternalInfo/>
				<Properties>
					<ObjectBelonging>Adopted</ObjectBelonging>
					<Name>СписаниеТоваровПоТребованию</Name>
					<Comment/>
					<ExtendedConfigurationObject>82e6dbf8-d7ba-4382-9880-9e83d175a158</ExtendedConfigurationObject>
				</Properties>
			</EnumValue>
			<EnumValue uuid="c72902ff-53ea-4e3b-981f-b8a67c64707c">
				<InternalInfo/>
				<Properties>
					<ObjectBelonging>Adopted</ObjectBelonging>
					<Name>ВозвратОплатыНаПлатежнуюКарту</Name>
					<Comment/>
					<ExtendedConfigurationObject>aee89418-2c06-47ad-bf28-064f762e59aa</ExtendedConfigurationObject>
				</Properties>
			</EnumValue>
			<EnumValue uuid="056cd019-10e9-4079-87ae-63befd5e67c8">
				<InternalInfo/>
				<Properties>
					<ObjectBelonging>Adopted</ObjectBelonging>
					<Name>ПеречислениеВБюджет</Name>
					<Comment/>
					<ExtendedConfigurationObject>1e18177a-fe02-4999-a369-fb008fe9fd42</ExtendedConfigurationObject>
				</Properties>
			</EnumValue>
			<EnumValue uuid="7577c544-6df3-4e3a-853b-88e3bd7a6d33">
				<InternalInfo/>
				<Properties>
					<ObjectBelonging>Adopted</ObjectBelonging>
					<Name>ПеречислениеТаможне</Name>
					<Comment/>
					<ExtendedConfigurationObject>1879ad4f-47e1-438b-9738-f1429bc3c780</ExtendedConfigurationObject>
				</Properties>
			</EnumValue>
			<EnumValue uuid="35d19ab1-7038-4cc4-bb37-48206267546e">
				<InternalInfo/>
				<Properties>
					<ObjectBelonging>Adopted</ObjectBelonging>
					<Name>ВыплатаЗарплатыПоЗарплатномуПроекту</Name>
					<Comment/>
					<ExtendedConfigurationObject>b4199927-65e9-4e54-90f9-456e4c68a93f</ExtendedConfigurationObject>
				</Properties>
			</EnumValue>
			<EnumValue uuid="006114a7-992a-47fb-84a0-2cdfbf2688a1">
				<InternalInfo/>
				<Properties>
					<ObjectBelonging>Adopted</ObjectBelonging>
					<Name>ВыплатаЗарплатыНаЛицевыеСчета</Name>
					<Comment/>
					<ExtendedConfigurationObject>6d079ef6-b405-487d-9ff8-d6cbe795713f</ExtendedConfigurationObject>
				</Properties>
			</EnumValue>
			<EnumValue uuid="e3b6a12a-433a-4c9a-ac9f-be875d5677ae">
				<InternalInfo/>
				<Properties>
					<ObjectBelonging>Adopted</ObjectBelonging>
					<Name>ПеречислениеДенежныхСредствНаДругойСчет</Name>
					<Comment/>
					<ExtendedConfigurationObject>f891b289-9e02-497b-bd51-ba552515b92e</ExtendedConfigurationObject>
				</Properties>
			</EnumValue>
			<EnumValue uuid="6fbc4d8c-6094-446f-8a7c-107fdb6164c1">
				<InternalInfo/>
				<Properties>
					<ObjectBelonging>Adopted</ObjectBelonging>
					<Name>СнятиеНаличныхДенежныхСредств</Name>
					<Comment/>
					<ExtendedConfigurationObject>b0cd3753-59f3-4880-83e3-aeb9c7301a80</ExtendedConfigurationObject>
				</Properties>
			</EnumValue>
			<EnumValue uuid="06783d8c-e36d-453b-9d95-4cb03f256bd4">
				<InternalInfo/>
				<Properties>
					<ObjectBelonging>Adopted</ObjectBelonging>
					<Name>ПеречислениеНаДепозиты</Name>
					<Comment/>
					<ExtendedConfigurationObject>572c15b7-b781-43a9-91fb-eecc7ecffee8</ExtendedConfigurationObject>
				</Properties>
			</EnumValue>
			<EnumValue uuid="b9d8b6ff-04d9-4dfd-8c44-4a180cdd8a07">
				<InternalInfo/>
				<Properties>
					<ObjectBelonging>Adopted</ObjectBelonging>
					<Name>РеализацияЧерезКомиссионера</Name>
					<Comment/>
					<ExtendedConfigurationObject>8880d304-daf7-4345-ad8d-c81bc5d994b7</ExtendedConfigurationObject>
				</Properties>
			</EnumValue>
			<EnumValue uuid="e3a39011-2e23-45e3-9c67-6025ca938898">
				<InternalInfo/>
				<Properties>
					<ObjectBelonging>Adopted</ObjectBelonging>
					<Name>РеализацияКлиенту</Name>
					<Comment/>
					<ExtendedConfigurationObject>4dec627e-3939-4191-a213-0cea734fc86c</ExtendedConfigurationObject>
				</Properties>
			</EnumValue>
			<EnumValue uuid="d8c52e45-cf1f-4d30-8d3c-565219f570e7">
				<InternalInfo/>
				<Properties>
					<ObjectBelonging>Adopted</ObjectBelonging>
					<Name>РеализацияЧерезКомиссионераБезПереходаПраваСобственности</Name>
					<Comment/>
					<ExtendedConfigurationObject>f24e8e16-21ad-4eeb-a73d-06152c4d9a1e</ExtendedConfigurationObject>
				</Properties>
			</EnumValue>
			<EnumValue uuid="8f395678-6ee7-43e7-b1f9-7d518c62e435">
				<InternalInfo/>
				<Properties>
					<ObjectBelonging>Adopted</ObjectBelonging>
					<Name>ПередачаНаКомиссию</Name>
					<Comment/>
					<ExtendedConfigurationObject>a606d3e5-4a59-4b2c-9d3d-5976f5c778cf</ExtendedConfigurationObject>
				</Properties>
			</EnumValue>
			<EnumValue uuid="38b3a453-4b3f-4efa-93cb-84f95aa5643a">
				<InternalInfo/>
				<Properties>
					<ObjectBelonging>Adopted</ObjectBelonging>
					<Name>РеализацияКлиентуРеглУчет</Name>
					<Comment/>
					<ExtendedConfigurationObject>3299776f-a304-476e-a0d9-a9132b128869</ExtendedConfigurationObject>
				</Properties>
			</EnumValue>
			<EnumValue uuid="a3a10836-1e0a-497e-9761-3cc428e4bc77">
				<InternalInfo/>
				<Properties>
					<ObjectBelonging>Adopted</ObjectBelonging>
					<Name>РеализацияБезПереходаПраваСобственности</Name>
					<Comment/>
					<ExtendedConfigurationObject>0789d7c2-8020-4d52-a305-445f9faa9b76</ExtendedConfigurationObject>
				</Properties>
			</EnumValue>
			<EnumValue uuid="70777db4-ee97-4878-8fd5-dbebcb63422a">
				<InternalInfo/>
				<Properties>
					<ObjectBelonging>Adopted</ObjectBelonging>
					<Name>ЗакупкаУПоставщика</Name>
					<Comment/>
					<ExtendedConfigurationObject>6982524e-4873-4f26-b5f2-355851663d52</ExtendedConfigurationObject>
				</Properties>
			</EnumValue>
			<EnumValue uuid="c9bed91b-1d79-4bd7-89d7-fb1c63488c98">
				<InternalInfo/>
				<Properties>
					<ObjectBelonging>Adopted</ObjectBelonging>
					<Name>ЗакупкаВСтранахЕАЭС</Name>
					<Comment/>
					<ExtendedConfigurationObject>26caefe6-3e76-4d73-9387-208213b91b67</ExtendedConfigurationObject>
				</Properties>
			</EnumValue>
			<EnumValue uuid="c2648a15-07df-4353-9b4e-d23e3563ccbf">
				<InternalInfo/>
				<Properties>
					<ObjectBelonging>Adopted</ObjectBelonging>
					<Name>ЗакупкаЧерезПодотчетноеЛицо</Name>
					<Comment/>
					<ExtendedConfigurationObject>0eec1c7a-4e84-488a-a0de-5ddf74b27a9c</ExtendedConfigurationObject>
				</Properties>
			</EnumValue>
			<EnumValue uuid="a1790e02-2eac-40db-a0da-b7a56753fe21">
				<InternalInfo/>
				<Properties>
					<ObjectBelonging>Adopted</ObjectBelonging>
					<Name>ПриемНаКомиссию</Name>
					<Comment/>
					<ExtendedConfigurationObject>76156fda-6b2e-4da7-871d-49dfc4840df3</ExtendedConfigurationObject>
				</Properties>
			</EnumValue>
			<EnumValue uuid="9812f9db-925f-4e2b-bd5f-f75ecc68c1da">
				<InternalInfo/>
				<Properties>
					<ObjectBelonging>Adopted</ObjectBelonging>
					<Name>ЗакупкаУПоставщикаРеглУчет</Name>
					<Comment/>
					<ExtendedConfigurationObject>a52a5aca-aa86-429b-b461-dbd79e1dbe24</ExtendedConfigurationObject>
				</Properties>
			</EnumValue>
			<EnumValue uuid="3e409078-481d-45b4-be93-865edef304c2">
				<InternalInfo/>
				<Properties>
					<ObjectBelonging>Adopted</ObjectBelonging>
					<Name>ЗакупкаПоИмпорту</Name>
					<Comment/>
					<ExtendedConfigurationObject>955ac7a2-906a-4d2b-9be1-a41ee11cec54</ExtendedConfigurationObject>
				</Properties>
			</EnumValue>
			<EnumValue uuid="eb83e7c3-49d0-4da1-86b4-e558ada4c521">
				<InternalInfo/>
				<Properties>
					<ObjectBelonging>Adopted</ObjectBelonging>
					<Name>ЗакупкаПоИмпортуТоварыВПути</Name>
					<Comment/>
					<ExtendedConfigurationObject>be85d9cc-2632-45bb-a18a-01558fe3b7eb</ExtendedConfigurationObject>
				</Properties>
			</EnumValue>
			<EnumValue uuid="d09258a5-b768-43af-a7fa-b1bc81a831cd">
				<InternalInfo/>
				<Properties>
					<ObjectBelonging>Adopted</ObjectBelonging>
					<Name>ЗакупкаУПоставщикаТоварыВПути</Name>
					<Comment/>
					<ExtendedConfigurationObject>7512207c-c53f-4c94-9c6d-70057ef0ebe0</ExtendedConfigurationObject>
				</Properties>
			</EnumValue>
			<EnumValue uuid="b2417343-bdb2-496a-a499-8fcac24afb18">
				<InternalInfo/>
				<Properties>
					<ObjectBelonging>Adopted</ObjectBelonging>
					<Name>ЗакупкаУПоставщикаФактуровкаПоставки</Name>
					<Comment/>
					<ExtendedConfigurationObject>c8cae29b-ba90-4b79-9584-2f9e9971dd25</ExtendedConfigurationObject>
				</Properties>
			</EnumValue>
			<EnumValue uuid="5ec503b8-8346-4b84-b392-1597147dbb7e">
				<InternalInfo/>
				<Properties>
					<ObjectBelonging>Adopted</ObjectBelonging>
					<Name>ЗакупкаВСтранахЕАЭСТоварыВПути</Name>
					<Comment/>
					<ExtendedConfigurationObject>c89cfc05-3d8b-4809-9775-d96b96c1befb</ExtendedConfigurationObject>
				</Properties>
			</EnumValue>
			<EnumValue uuid="3fd24f20-0a2b-4118-a279-e6a33ee3f0f4">
				<InternalInfo/>
				<Properties>
					<ObjectBelonging>Adopted</ObjectBelonging>
					<Name>ЗакупкаВСтранахЕАЭСФактуровкаПоставки</Name>
					<Comment/>
					<ExtendedConfigurationObject>c5718917-70eb-45ed-8147-7ede09e4567e</ExtendedConfigurationObject>
				</Properties>
			</EnumValue>
			<EnumValue uuid="6b4200c8-12ad-4a13-89da-7b6897f3b120">
				<InternalInfo/>
				<Properties>
					<ObjectBelonging>Adopted</ObjectBelonging>
					<Name>ПриемНаХранениеСПравомПродажи</Name>
					<Comment/>
					<ExtendedConfigurationObject>e46ad85d-8b38-4c69-800a-a5585af527ea</ExtendedConfigurationObject>
				</Properties>
			</EnumValue>
			<EnumValue uuid="40f894bf-c770-442d-9227-9224f8f917ac">
				<InternalInfo/>
				<Properties>
					<ObjectBelonging>Adopted</ObjectBelonging>
					<Name>ПеремещениеТоваров</Name>
					<Comment/>
					<ExtendedConfigurationObject>1dfdfca3-6595-4afd-a12f-88601fce8c82</ExtendedConfigurationObject>
				</Properties>
			</EnumValue>
			<EnumValue uuid="5398d20b-606b-4f4f-b65d-f3d96987e3df">
				<InternalInfo/>
				<Properties>
					<ObjectBelonging>Adopted</ObjectBelonging>
					<Name>ПеремещениеТоваровМеждуФилиалами</Name>
					<Comment/>
					<ExtendedConfigurationObject>f225cb28-e5ab-48fc-80a6-180753692cee</ExtendedConfigurationObject>
				</Properties>
			</EnumValue>
			<EnumValue uuid="cd0f378b-e156-4764-959d-f0b98e7ac5ea">
				<InternalInfo/>
				<Properties>
					<ObjectBelonging>Adopted</ObjectBelonging>
					<Name>ОформлениеГТДБрокером</Name>
					<Comment/>
					<ExtendedConfigurationObject>d0ea89d0-cb52-4ba9-95f0-c511b85739dc</ExtendedConfigurationObject>
				</Properties>
			</EnumValue>
			<EnumValue uuid="9b6f4e05-a466-46bf-8959-97e1c9355db6">
				<InternalInfo/>
				<Properties>
					<ObjectBelonging>Adopted</ObjectBelonging>
					<Name>ОформлениеГТДСамостоятельно</Name>
					<Comment/>
					<ExtendedConfigurationObject>6ca99773-897c-437c-a307-54d51b8d9a9c</ExtendedConfigurationObject>
				</Properties>
			</EnumValue>
			<EnumValue uuid="fb562aa5-6853-4397-a6e6-58dd1b2a5588">
				<InternalInfo/>
				<Properties>
					<ObjectBelonging>Adopted</ObjectBelonging>
					<Name>ВыплатаЗарплаты</Name>
					<Comment/>
					<ExtendedConfigurationObject>d0e70b4c-e687-4b56-a586-c641aa8d81ae</ExtendedConfigurationObject>
				</Properties>
			</EnumValue>
			<EnumValue uuid="01d200c0-5ede-4abf-8f3f-b6005f7cd4bb">
				<InternalInfo/>
				<Properties>
					<ObjectBelonging>Adopted</ObjectBelonging>
					<Name>КорректировкаРеализацииУменьшениеЗадолженностиСводно</Name>
					<Comment/>
					<ExtendedConfigurationObject>63acc8d0-3206-497a-b7cc-098d50049f93</ExtendedConfigurationObject>
				</Properties>
			</EnumValue>
			<EnumValue uuid="1ee2deaa-54ef-4bbe-8ceb-41489dd88917">
				<InternalInfo/>
				<Properties>
					<ObjectBelonging>Adopted</ObjectBelonging>
					<Name>КорректировкаПоСогласованиюСторон</Name>
					<Comment/>
					<ExtendedConfigurationObject>15c46c2c-15a1-40a5-a28f-782fb1b1f833</ExtendedConfigurationObject>
				</Properties>
			</EnumValue>
			<EnumValue uuid="a917b9a2-39eb-4c67-a6ed-04c7253dc421">
				<InternalInfo/>
				<Properties>
					<ObjectBelonging>Adopted</ObjectBelonging>
					<Name>РеализацияПерепоставленногоТовара</Name>
					<Comment/>
					<ExtendedConfigurationObject>26c7e30c-f570-4794-8abe-2b7a605616bb</ExtendedConfigurationObject>
				</Properties>
			</EnumValue>
			<EnumValue uuid="b5ead1b4-65da-44cd-9bd1-2408388c0b94">
				<InternalInfo/>
				<Properties>
					<ObjectBelonging>Adopted</ObjectBelonging>
					<Name>ИсправлениеОшибок</Name>
					<Comment/>
					<ExtendedConfigurationObject>d1308d15-47bd-43fc-b617-d50bd38aa876</ExtendedConfigurationObject>
				</Properties>
			</EnumValue>
			<EnumValue uuid="baed9a8f-b7bc-49e6-8772-39e357bb12cc">
				<InternalInfo/>
				<Properties>
					<ObjectBelonging>Adopted</ObjectBelonging>
					<Name>ВозвратНедопоставленногоТовара</Name>
					<Comment/>
					<ExtendedConfigurationObject>015aae23-805e-4b1b-93d9-5fdcfb68af56</ExtendedConfigurationObject>
				</Properties>
			</EnumValue>
			<EnumValue uuid="d4a4f234-a552-4ab7-a13c-1e8ed01a9eb8">
				<InternalInfo/>
				<Properties>
					<ObjectBelonging>Adopted</ObjectBelonging>
					<Name>КорректировкаРеализацииУвеличениеЗадолженностиСводно</Name>
					<Comment/>
					<ExtendedConfigurationObject>25dbb632-d2cc-4849-b580-b5b34dd542ad</ExtendedConfigurationObject>
				</Properties>
			</EnumValue>
			<EnumValue uuid="f5a00c02-2201-4612-9e49-87a9b235de34">
				<InternalInfo/>
				<Properties>
					<ObjectBelonging>Adopted</ObjectBelonging>
					<Name>ОказаниеАгентскихУслуг</Name>
					<Comment/>
					<ExtendedConfigurationObject>50268f38-df5c-44d6-9a14-6df43baddccf</ExtendedConfigurationObject>
				</Properties>
			</EnumValue>
		</ChildObjects>
	</Enum>
</MetaDataObject>