﻿<?xml version="1.0" encoding="UTF-8"?>
<MetaDataObject xmlns="http://v8.1c.ru/8.3/MDClasses" xmlns:app="http://v8.1c.ru/8.2/managed-application/core" xmlns:cfg="http://v8.1c.ru/8.1/data/enterprise/current-config" xmlns:cmi="http://v8.1c.ru/8.2/managed-application/cmi" xmlns:ent="http://v8.1c.ru/8.1/data/enterprise" xmlns:lf="http://v8.1c.ru/8.2/managed-application/logform" xmlns:style="http://v8.1c.ru/8.1/data/ui/style" xmlns:sys="http://v8.1c.ru/8.1/data/ui/fonts/system" xmlns:v8="http://v8.1c.ru/8.1/data/core" xmlns:v8ui="http://v8.1c.ru/8.1/data/ui" xmlns:web="http://v8.1c.ru/8.1/data/ui/colors/web" xmlns:win="http://v8.1c.ru/8.1/data/ui/colors/windows" xmlns:xen="http://v8.1c.ru/8.3/xcf/enums" xmlns:xpr="http://v8.1c.ru/8.3/xcf/predef" xmlns:xr="http://v8.1c.ru/8.3/xcf/readable" xmlns:xs="http://www.w3.org/2001/XMLSchema" xmlns:xsi="http://www.w3.org/2001/XMLSchema-instance" version="2.20">
	<Enum uuid="aa2fcd68-6741-4168-8f3c-c85366e44202">
		<InternalInfo>
			<xr:GeneratedType name="EnumRef.СтатусыДоговоровКонтрагентов" category="Ref">
				<xr:TypeId>0d8a2f17-a16b-4031-94ba-bbb9e24084a2</xr:TypeId>
				<xr:ValueId>ca69c706-6594-4e4c-a72b-915dd01b5e34</xr:ValueId>
			</xr:GeneratedType>
			<xr:GeneratedType name="EnumManager.СтатусыДоговоровКонтрагентов" category="Manager">
				<xr:TypeId>c54a7d21-e611-4724-808a-f51455d3604d</xr:TypeId>
				<xr:ValueId>79aed92e-b58a-4518-a4be-18f3e94861b3</xr:ValueId>
			</xr:GeneratedType>
			<xr:GeneratedType name="EnumList.СтатусыДоговоровКонтрагентов" category="List">
				<xr:TypeId>97c22b22-cc15-4fe9-8d82-590e62c41ee5</xr:TypeId>
				<xr:ValueId>e57b7231-c8b5-4a5f-a8c3-672842ac4ece</xr:ValueId>
			</xr:GeneratedType>
		</InternalInfo>
		<Properties>
			<ObjectBelonging>Adopted</ObjectBelonging>
			<Name>СтатусыДоговоровКонтрагентов</Name>
			<Comment/>
			<ExtendedConfigurationObject>a97bc7cd-71bc-4a54-9059-2a25f48b25d2</ExtendedConfigurationObject>
		</Properties>
		<ChildObjects>
			<EnumValue uuid="7c850315-6ecb-4822-a214-cc673d295804">
				<InternalInfo/>
				<Properties>
					<ObjectBelonging>Adopted</ObjectBelonging>
					<Name>Действует</Name>
					<Comment/>
					<ExtendedConfigurationObject>981b86f1-d7d8-466e-a92f-27fc8d2dbd51</ExtendedConfigurationObject>
				</Properties>
			</EnumValue>
		</ChildObjects>
	</Enum>
</MetaDataObject>