﻿<?xml version="1.0" encoding="UTF-8"?>
<MetaDataObject xmlns="http://v8.1c.ru/8.3/MDClasses" xmlns:app="http://v8.1c.ru/8.2/managed-application/core" xmlns:cfg="http://v8.1c.ru/8.1/data/enterprise/current-config" xmlns:cmi="http://v8.1c.ru/8.2/managed-application/cmi" xmlns:ent="http://v8.1c.ru/8.1/data/enterprise" xmlns:lf="http://v8.1c.ru/8.2/managed-application/logform" xmlns:style="http://v8.1c.ru/8.1/data/ui/style" xmlns:sys="http://v8.1c.ru/8.1/data/ui/fonts/system" xmlns:v8="http://v8.1c.ru/8.1/data/core" xmlns:v8ui="http://v8.1c.ru/8.1/data/ui" xmlns:web="http://v8.1c.ru/8.1/data/ui/colors/web" xmlns:win="http://v8.1c.ru/8.1/data/ui/colors/windows" xmlns:xen="http://v8.1c.ru/8.3/xcf/enums" xmlns:xpr="http://v8.1c.ru/8.3/xcf/predef" xmlns:xr="http://v8.1c.ru/8.3/xcf/readable" xmlns:xs="http://www.w3.org/2001/XMLSchema" xmlns:xsi="http://www.w3.org/2001/XMLSchema-instance" version="2.20">
	<Enum uuid="454fc5fd-bf24-4dd0-88e1-1613ddc00f31">
		<InternalInfo>
			<xr:GeneratedType name="EnumRef.ТипыКомиссииЗаБанковскиеПереводы" category="Ref">
				<xr:TypeId>6134124b-9ab6-42d9-be00-8f0b1d8e361d</xr:TypeId>
				<xr:ValueId>dd005d34-c7bd-4f51-8841-d28409d4d78e</xr:ValueId>
			</xr:GeneratedType>
			<xr:GeneratedType name="EnumManager.ТипыКомиссииЗаБанковскиеПереводы" category="Manager">
				<xr:TypeId>1b6920cf-082d-4d5f-9c6a-8a27f3c533bb</xr:TypeId>
				<xr:ValueId>9ec63fc9-38e9-4a21-a2ad-24064061a4da</xr:ValueId>
			</xr:GeneratedType>
			<xr:GeneratedType name="EnumList.ТипыКомиссииЗаБанковскиеПереводы" category="List">
				<xr:TypeId>e56f1c3c-6b24-4d22-8209-78cea0aed57b</xr:TypeId>
				<xr:ValueId>91a9d4d9-47ef-4a02-9ac3-252b5ca76310</xr:ValueId>
			</xr:GeneratedType>
		</InternalInfo>
		<Properties>
			<ObjectBelonging>Adopted</ObjectBelonging>
			<Name>ТипыКомиссииЗаБанковскиеПереводы</Name>
			<Comment/>
			<ExtendedConfigurationObject>2a6114db-ef78-420d-aa53-3be923e70d65</ExtendedConfigurationObject>
		</Properties>
		<ChildObjects>
			<EnumValue uuid="8944b5a0-1682-4403-b891-f7dbc00fb497">
				<InternalInfo/>
				<Properties>
					<ObjectBelonging>Adopted</ObjectBelonging>
					<Name>SHA</Name>
					<Comment/>
					<ExtendedConfigurationObject>79b19200-3819-40d9-b360-4f8298164166</ExtendedConfigurationObject>
				</Properties>
			</EnumValue>
			<EnumValue uuid="1f7a9ab9-2237-49f9-8618-8261548cf368">
				<InternalInfo/>
				<Properties>
					<ObjectBelonging>Adopted</ObjectBelonging>
					<Name>OUR</Name>
					<Comment/>
					<ExtendedConfigurationObject>cfdd90c0-fa97-4af1-9dd2-ba542382d7d7</ExtendedConfigurationObject>
				</Properties>
			</EnumValue>
			<EnumValue uuid="d324b08e-3a19-406f-9334-4b81d12b7f6d">
				<InternalInfo/>
				<Properties>
					<ObjectBelonging>Adopted</ObjectBelonging>
					<Name>BEN</Name>
					<Comment/>
					<ExtendedConfigurationObject>21785977-ef12-4fca-b8a7-6b3619f163d3</ExtendedConfigurationObject>
				</Properties>
			</EnumValue>
		</ChildObjects>
	</Enum>
</MetaDataObject>