﻿<?xml version="1.0" encoding="UTF-8"?>
<MetaDataObject xmlns="http://v8.1c.ru/8.3/MDClasses" xmlns:app="http://v8.1c.ru/8.2/managed-application/core" xmlns:cfg="http://v8.1c.ru/8.1/data/enterprise/current-config" xmlns:cmi="http://v8.1c.ru/8.2/managed-application/cmi" xmlns:ent="http://v8.1c.ru/8.1/data/enterprise" xmlns:lf="http://v8.1c.ru/8.2/managed-application/logform" xmlns:style="http://v8.1c.ru/8.1/data/ui/style" xmlns:sys="http://v8.1c.ru/8.1/data/ui/fonts/system" xmlns:v8="http://v8.1c.ru/8.1/data/core" xmlns:v8ui="http://v8.1c.ru/8.1/data/ui" xmlns:web="http://v8.1c.ru/8.1/data/ui/colors/web" xmlns:win="http://v8.1c.ru/8.1/data/ui/colors/windows" xmlns:xen="http://v8.1c.ru/8.3/xcf/enums" xmlns:xpr="http://v8.1c.ru/8.3/xcf/predef" xmlns:xr="http://v8.1c.ru/8.3/xcf/readable" xmlns:xs="http://www.w3.org/2001/XMLSchema" xmlns:xsi="http://www.w3.org/2001/XMLSchema-instance" version="2.20">
	<Enum uuid="9df8d23e-81f2-4bbd-b947-0f562e7183be">
		<InternalInfo>
			<xr:GeneratedType name="EnumRef.ТипыНалогообложенияНДС" category="Ref">
				<xr:TypeId>61e9b603-97ae-4852-ab11-f329db38c9a6</xr:TypeId>
				<xr:ValueId>3ee2c95a-fe14-4350-a255-bd72ab7c30ff</xr:ValueId>
			</xr:GeneratedType>
			<xr:GeneratedType name="EnumManager.ТипыНалогообложенияНДС" category="Manager">
				<xr:TypeId>34739313-10f5-455d-b8fa-a2aec2344351</xr:TypeId>
				<xr:ValueId>e4ed4940-b26f-4153-80a6-4cb70d55d65a</xr:ValueId>
			</xr:GeneratedType>
			<xr:GeneratedType name="EnumList.ТипыНалогообложенияНДС" category="List">
				<xr:TypeId>b4382f08-a88e-44cf-8797-fa011c28a53c</xr:TypeId>
				<xr:ValueId>bc91a250-546a-4999-8166-f003db1526c0</xr:ValueId>
			</xr:GeneratedType>
		</InternalInfo>
		<Properties>
			<ObjectBelonging>Adopted</ObjectBelonging>
			<Name>ТипыНалогообложенияНДС</Name>
			<Comment/>
			<ExtendedConfigurationObject>492f859c-898a-4672-ab31-9d0ca13acabc</ExtendedConfigurationObject>
		</Properties>
		<ChildObjects>
			<EnumValue uuid="b288f3a3-a147-487a-9ce7-44ba1082d93d">
				<InternalInfo/>
				<Properties>
					<ObjectBelonging>Adopted</ObjectBelonging>
					<Name>ПродажаНеОблагаетсяНДС</Name>
					<Comment/>
					<ExtendedConfigurationObject>5df46640-a48c-42a3-84ec-3c9f97ce2844</ExtendedConfigurationObject>
				</Properties>
			</EnumValue>
			<EnumValue uuid="0f3b93fd-8e92-480c-8ab2-5c96c300ca3c">
				<InternalInfo/>
				<Properties>
					<ObjectBelonging>Adopted</ObjectBelonging>
					<Name>ПродажаНаЭкспорт</Name>
					<Comment/>
					<ExtendedConfigurationObject>9f70eac4-2b8c-4400-9fb7-f3d4230ad33e</ExtendedConfigurationObject>
				</Properties>
			</EnumValue>
			<EnumValue uuid="2d72a8f8-465b-4301-afd8-95603d32818b">
				<InternalInfo/>
				<Properties>
					<ObjectBelonging>Adopted</ObjectBelonging>
					<Name>ПродажаОблагаетсяНДС</Name>
					<Comment/>
					<ExtendedConfigurationObject>507f3953-94e1-46ef-8c8d-0688fd890a1d</ExtendedConfigurationObject>
				</Properties>
			</EnumValue>
			<EnumValue uuid="b915594c-1f1f-408d-b6cd-4c0a6d719f91">
				<InternalInfo/>
				<Properties>
					<ObjectBelonging>Adopted</ObjectBelonging>
					<Name>ПродажаОблагаетсяЕНВД</Name>
					<Comment/>
					<ExtendedConfigurationObject>1270ac55-6965-4dae-b63b-1266cf1cca2a</ExtendedConfigurationObject>
				</Properties>
			</EnumValue>
			<EnumValue uuid="cfa93ec0-b72d-43cb-98bf-434130e5380d">
				<InternalInfo/>
				<Properties>
					<ObjectBelonging>Adopted</ObjectBelonging>
					<Name>НалоговыйАгентПоНДС</Name>
					<Comment/>
					<ExtendedConfigurationObject>c0a070a8-fff5-49fe-8c9e-3fbae30394cb</ExtendedConfigurationObject>
				</Properties>
			</EnumValue>
			<EnumValue uuid="889e74e2-a38d-4266-9de2-b868e2f5fc6a">
				<InternalInfo/>
				<Properties>
					<ObjectBelonging>Adopted</ObjectBelonging>
					<Name>ОблагаетсяНДСУПокупателя</Name>
					<Comment/>
					<ExtendedConfigurationObject>e8352fa6-99c0-4f4b-9227-b1ac7d158a3e</ExtendedConfigurationObject>
				</Properties>
			</EnumValue>
		</ChildObjects>
	</Enum>
</MetaDataObject>