﻿<?xml version="1.0" encoding="UTF-8"?>
<MetaDataObject xmlns="http://v8.1c.ru/8.3/MDClasses" xmlns:app="http://v8.1c.ru/8.2/managed-application/core" xmlns:cfg="http://v8.1c.ru/8.1/data/enterprise/current-config" xmlns:cmi="http://v8.1c.ru/8.2/managed-application/cmi" xmlns:ent="http://v8.1c.ru/8.1/data/enterprise" xmlns:lf="http://v8.1c.ru/8.2/managed-application/logform" xmlns:style="http://v8.1c.ru/8.1/data/ui/style" xmlns:sys="http://v8.1c.ru/8.1/data/ui/fonts/system" xmlns:v8="http://v8.1c.ru/8.1/data/core" xmlns:v8ui="http://v8.1c.ru/8.1/data/ui" xmlns:web="http://v8.1c.ru/8.1/data/ui/colors/web" xmlns:win="http://v8.1c.ru/8.1/data/ui/colors/windows" xmlns:xen="http://v8.1c.ru/8.3/xcf/enums" xmlns:xpr="http://v8.1c.ru/8.3/xcf/predef" xmlns:xr="http://v8.1c.ru/8.3/xcf/readable" xmlns:xs="http://www.w3.org/2001/XMLSchema" xmlns:xsi="http://www.w3.org/2001/XMLSchema-instance" version="2.20">
	<Enum uuid="994f85ea-6427-46da-a1a7-512e5f536f47">
		<InternalInfo>
			<xr:GeneratedType name="EnumRef.ПорядокРасчетов" category="Ref">
				<xr:TypeId>fc2a094c-fb81-4eb3-95c7-5ac147900c6d</xr:TypeId>
				<xr:ValueId>74e17f2b-6c64-4d7b-bc38-29e04e427fbe</xr:ValueId>
			</xr:GeneratedType>
			<xr:GeneratedType name="EnumManager.ПорядокРасчетов" category="Manager">
				<xr:TypeId>e09c31ce-2ba1-4b3b-abcc-ff2c38866347</xr:TypeId>
				<xr:ValueId>1cf3b8a7-5d5b-4e8b-b3eb-e4dacde77c59</xr:ValueId>
			</xr:GeneratedType>
			<xr:GeneratedType name="EnumList.ПорядокРасчетов" category="List">
				<xr:TypeId>ed4584e0-22ea-46be-913d-50390bf1b293</xr:TypeId>
				<xr:ValueId>3b80346d-b0c0-420e-8bfa-a77090437cfd</xr:ValueId>
			</xr:GeneratedType>
		</InternalInfo>
		<Properties>
			<ObjectBelonging>Adopted</ObjectBelonging>
			<Name>ПорядокРасчетов</Name>
			<Comment/>
			<ExtendedConfigurationObject>9b333cc3-56b6-4b71-8111-6ac5626fa947</ExtendedConfigurationObject>
		</Properties>
		<ChildObjects>
			<EnumValue uuid="11acd866-2cd6-4745-b984-3881410dbc1b">
				<InternalInfo/>
				<Properties>
					<ObjectBelonging>Adopted</ObjectBelonging>
					<Name>ПоНакладным</Name>
					<Comment/>
					<ExtendedConfigurationObject>21eeb128-c7c8-4670-a06f-a0e920da31af</ExtendedConfigurationObject>
				</Properties>
			</EnumValue>
			<EnumValue uuid="ad5fd5c1-6bdb-498f-b849-d81d6adff2ef">
				<InternalInfo/>
				<Properties>
					<ObjectBelonging>Adopted</ObjectBelonging>
					<Name>ПоЗаказам</Name>
					<Comment/>
					<ExtendedConfigurationObject>27ca6d68-e67a-4889-9637-02a127ea6bb7</ExtendedConfigurationObject>
				</Properties>
			</EnumValue>
			<EnumValue uuid="66e06126-7c40-4043-9a3b-134dbb4bf1c9">
				<InternalInfo/>
				<Properties>
					<ObjectBelonging>Adopted</ObjectBelonging>
					<Name>ПоДоговорамНакладным</Name>
					<Comment/>
					<ExtendedConfigurationObject>4f954f84-d9f9-4d34-8b96-cd90db36a2c4</ExtendedConfigurationObject>
				</Properties>
			</EnumValue>
			<EnumValue uuid="35fa4c86-0e16-4d4a-b7ea-b8f7809fbc3a">
				<InternalInfo/>
				<Properties>
					<ObjectBelonging>Adopted</ObjectBelonging>
					<Name>ПоЗаказамНакладным</Name>
					<Comment/>
					<ExtendedConfigurationObject>68be4e2f-917b-4f18-80e2-5f8f3c83a252</ExtendedConfigurationObject>
				</Properties>
			</EnumValue>
			<EnumValue uuid="36b80d51-7d65-4a55-82f9-e093d96af3d8">
				<InternalInfo/>
				<Properties>
					<ObjectBelonging>Adopted</ObjectBelonging>
					<Name>ПоДоговорамКонтрагентов</Name>
					<Comment/>
					<ExtendedConfigurationObject>351f3b97-ac90-4e79-9d41-cdc11138aa2f</ExtendedConfigurationObject>
				</Properties>
			</EnumValue>
		</ChildObjects>
	</Enum>
</MetaDataObject>