﻿<?xml version="1.0" encoding="UTF-8"?>
<MetaDataObject xmlns="http://v8.1c.ru/8.3/MDClasses" xmlns:app="http://v8.1c.ru/8.2/managed-application/core" xmlns:cfg="http://v8.1c.ru/8.1/data/enterprise/current-config" xmlns:cmi="http://v8.1c.ru/8.2/managed-application/cmi" xmlns:ent="http://v8.1c.ru/8.1/data/enterprise" xmlns:lf="http://v8.1c.ru/8.2/managed-application/logform" xmlns:style="http://v8.1c.ru/8.1/data/ui/style" xmlns:sys="http://v8.1c.ru/8.1/data/ui/fonts/system" xmlns:v8="http://v8.1c.ru/8.1/data/core" xmlns:v8ui="http://v8.1c.ru/8.1/data/ui" xmlns:web="http://v8.1c.ru/8.1/data/ui/colors/web" xmlns:win="http://v8.1c.ru/8.1/data/ui/colors/windows" xmlns:xen="http://v8.1c.ru/8.3/xcf/enums" xmlns:xpr="http://v8.1c.ru/8.3/xcf/predef" xmlns:xr="http://v8.1c.ru/8.3/xcf/readable" xmlns:xs="http://www.w3.org/2001/XMLSchema" xmlns:xsi="http://www.w3.org/2001/XMLSchema-instance" version="2.20">
	<DataProcessor uuid="2cde6c28-b912-4a8a-bac9-3aec403df5b7">
		<InternalInfo>
			<xr:GeneratedType name="DataProcessorObject.ПодборТоваровВДокументПродажи" category="Object">
				<xr:TypeId>34fbac43-6149-4cd9-9fba-5c5d517cf3b8</xr:TypeId>
				<xr:ValueId>e44187b6-ba55-4f4b-87a4-c401fd498b35</xr:ValueId>
			</xr:GeneratedType>
			<xr:GeneratedType name="DataProcessorManager.ПодборТоваровВДокументПродажи" category="Manager">
				<xr:TypeId>f4191c53-10a6-4987-b9f0-3f82b195b306</xr:TypeId>
				<xr:ValueId>24058356-79f6-4579-ba4c-a2fb55b297aa</xr:ValueId>
			</xr:GeneratedType>
		</InternalInfo>
		<Properties>
			<ObjectBelonging>Adopted</ObjectBelonging>
			<Name>ПодборТоваровВДокументПродажи</Name>
			<Comment/>
			<ExtendedConfigurationObject>5bd06a3a-d777-4c8b-bda4-33306460faca</ExtendedConfigurationObject>
		</Properties>
		<ChildObjects>
			<TabularSection uuid="24c737fc-d600-43a4-865a-4228ad18f4c6">
				<InternalInfo>
					<xr:GeneratedType name="DataProcessorTabularSection.ПодборТоваровВДокументПродажи.Корзина" category="TabularSection">
						<xr:TypeId>367e3f91-dcda-41bc-8ccb-37fe3dbc5268</xr:TypeId>
						<xr:ValueId>c60575fe-9782-49a7-b058-1d9919438dec</xr:ValueId>
					</xr:GeneratedType>
					<xr:GeneratedType name="DataProcessorTabularSectionRow.ПодборТоваровВДокументПродажи.Корзина" category="TabularSectionRow">
						<xr:TypeId>1c456ef4-63d8-4bab-958e-9529d624b070</xr:TypeId>
						<xr:ValueId>6305204a-dc64-4c1f-ae82-d4dc6f3f142f</xr:ValueId>
					</xr:GeneratedType>
				</InternalInfo>
				<Properties>
					<ObjectBelonging>Adopted</ObjectBelonging>
					<Name>Корзина</Name>
					<Comment/>
					<ExtendedConfigurationObject>d994f23f-6dd4-4f68-a58e-72771eeeabb9</ExtendedConfigurationObject>
				</Properties>
				<ChildObjects/>
			</TabularSection>
			<Form>Форма</Form>
		</ChildObjects>
	</DataProcessor>
</MetaDataObject>