﻿<?xml version="1.0" encoding="UTF-8"?>
<MetaDataObject xmlns="http://v8.1c.ru/8.3/MDClasses" xmlns:app="http://v8.1c.ru/8.2/managed-application/core" xmlns:cfg="http://v8.1c.ru/8.1/data/enterprise/current-config" xmlns:cmi="http://v8.1c.ru/8.2/managed-application/cmi" xmlns:ent="http://v8.1c.ru/8.1/data/enterprise" xmlns:lf="http://v8.1c.ru/8.2/managed-application/logform" xmlns:style="http://v8.1c.ru/8.1/data/ui/style" xmlns:sys="http://v8.1c.ru/8.1/data/ui/fonts/system" xmlns:v8="http://v8.1c.ru/8.1/data/core" xmlns:v8ui="http://v8.1c.ru/8.1/data/ui" xmlns:web="http://v8.1c.ru/8.1/data/ui/colors/web" xmlns:win="http://v8.1c.ru/8.1/data/ui/colors/windows" xmlns:xen="http://v8.1c.ru/8.3/xcf/enums" xmlns:xpr="http://v8.1c.ru/8.3/xcf/predef" xmlns:xr="http://v8.1c.ru/8.3/xcf/readable" xmlns:xs="http://www.w3.org/2001/XMLSchema" xmlns:xsi="http://www.w3.org/2001/XMLSchema-instance" version="2.20">
	<CommonModule uuid="fef7e017-9636-41be-b49c-2359d03e1ba8">
		<InternalInfo>
			<xr:PropertyState>
				<xr:Property>Module</xr:Property>
				<xr:State>Extended</xr:State>
			</xr:PropertyState>
		</InternalInfo>
		<Properties>
			<ObjectBelonging>Adopted</ObjectBelonging>
			<Name>МенеджерОбменаЧерезУниверсальныйФормат</Name>
			<Comment/>
			<ExtendedConfigurationObject>424c6960-e880-47e3-9b50-cc0257e596b8</ExtendedConfigurationObject>
			<Global>false</Global>
			<ClientManagedApplication>false</ClientManagedApplication>
			<Server>true</Server>
			<ExternalConnection>true</ExternalConnection>
			<ClientOrdinaryApplication>true</ClientOrdinaryApplication>
			<ServerCall>false</ServerCall>
		</Properties>
	</CommonModule>
</MetaDataObject>