﻿<?xml version="1.0" encoding="UTF-8"?>
<MetaDataObject xmlns="http://v8.1c.ru/8.3/MDClasses" xmlns:app="http://v8.1c.ru/8.2/managed-application/core" xmlns:cfg="http://v8.1c.ru/8.1/data/enterprise/current-config" xmlns:cmi="http://v8.1c.ru/8.2/managed-application/cmi" xmlns:ent="http://v8.1c.ru/8.1/data/enterprise" xmlns:lf="http://v8.1c.ru/8.2/managed-application/logform" xmlns:style="http://v8.1c.ru/8.1/data/ui/style" xmlns:sys="http://v8.1c.ru/8.1/data/ui/fonts/system" xmlns:v8="http://v8.1c.ru/8.1/data/core" xmlns:v8ui="http://v8.1c.ru/8.1/data/ui" xmlns:web="http://v8.1c.ru/8.1/data/ui/colors/web" xmlns:win="http://v8.1c.ru/8.1/data/ui/colors/windows" xmlns:xen="http://v8.1c.ru/8.3/xcf/enums" xmlns:xpr="http://v8.1c.ru/8.3/xcf/predef" xmlns:xr="http://v8.1c.ru/8.3/xcf/readable" xmlns:xs="http://www.w3.org/2001/XMLSchema" xmlns:xsi="http://www.w3.org/2001/XMLSchema-instance" version="2.20">
	<CommonModule uuid="1408af9f-2d4c-43cc-8d3c-03b36c5937e2">
		<InternalInfo>
			<xr:PropertyState>
				<xr:Property>Module</xr:Property>
				<xr:State>Extended</xr:State>
			</xr:PropertyState>
		</InternalInfo>
		<Properties>
			<ObjectBelonging>Adopted</ObjectBelonging>
			<Name>СозданиеНаОснованииУТВызовСервера</Name>
			<Comment/>
			<ExtendedConfigurationObject>fdf294da-c29e-4b3b-a3c0-e5ad088e2150</ExtendedConfigurationObject>
			<Global>false</Global>
			<ClientManagedApplication>false</ClientManagedApplication>
			<Server>true</Server>
			<ExternalConnection>false</ExternalConnection>
			<ClientOrdinaryApplication>false</ClientOrdinaryApplication>
			<ServerCall>true</ServerCall>
		</Properties>
	</CommonModule>
</MetaDataObject>