﻿<?xml version="1.0" encoding="UTF-8"?>
<MetaDataObject xmlns="http://v8.1c.ru/8.3/MDClasses" xmlns:app="http://v8.1c.ru/8.2/managed-application/core" xmlns:cfg="http://v8.1c.ru/8.1/data/enterprise/current-config" xmlns:cmi="http://v8.1c.ru/8.2/managed-application/cmi" xmlns:ent="http://v8.1c.ru/8.1/data/enterprise" xmlns:lf="http://v8.1c.ru/8.2/managed-application/logform" xmlns:style="http://v8.1c.ru/8.1/data/ui/style" xmlns:sys="http://v8.1c.ru/8.1/data/ui/fonts/system" xmlns:v8="http://v8.1c.ru/8.1/data/core" xmlns:v8ui="http://v8.1c.ru/8.1/data/ui" xmlns:web="http://v8.1c.ru/8.1/data/ui/colors/web" xmlns:win="http://v8.1c.ru/8.1/data/ui/colors/windows" xmlns:xen="http://v8.1c.ru/8.3/xcf/enums" xmlns:xpr="http://v8.1c.ru/8.3/xcf/predef" xmlns:xr="http://v8.1c.ru/8.3/xcf/readable" xmlns:xs="http://www.w3.org/2001/XMLSchema" xmlns:xsi="http://www.w3.org/2001/XMLSchema-instance" version="2.20">
	<CommonModule uuid="df401cb7-e0c7-418d-ad91-f0fe947dff4d">
		<InternalInfo>
			<xr:PropertyState>
				<xr:Property>Module</xr:Property>
				<xr:State>Extended</xr:State>
			</xr:PropertyState>
		</InternalInfo>
		<Properties>
			<ObjectBelonging>Adopted</ObjectBelonging>
			<Name>УправлениеКонтактнойИнформацией</Name>
			<Comment/>
			<ExtendedConfigurationObject>3f3b592d-ca61-40c7-be1f-e5d3224a1eb3</ExtendedConfigurationObject>
			<Global>false</Global>
			<ClientManagedApplication>false</ClientManagedApplication>
			<Server>true</Server>
			<ExternalConnection>true</ExternalConnection>
			<ClientOrdinaryApplication>true</ClientOrdinaryApplication>
			<ServerCall>false</ServerCall>
		</Properties>
	</CommonModule>
</MetaDataObject>