﻿<?xml version="1.0" encoding="UTF-8"?>
<Rights xmlns="http://v8.1c.ru/8.2/roles" xmlns:xs="http://www.w3.org/2001/XMLSchema" xmlns:xsi="http://www.w3.org/2001/XMLSchema-instance" xsi:type="Rights" version="2.20">
	<setForNewObjects>false</setForNewObjects>
	<setForAttributesByDefault>true</setForAttributesByDefault>
	<independentRightsOfChildObjects>false</independentRightsOfChildObjects>
	<object>
		<name>Document.ПеремещениеТоваров.Attribute.ДокументПоступления</name>
		<right>
			<name>Edit</name>
			<value>false</value>
		</right>
	</object>
	<object>
		<name>InformationRegister.СерийныеНомераНаПечать</name>
		<right>
			<name>Read</name>
			<value>true</value>
		</right>
		<right>
			<name>Update</name>
			<value>true</value>
		</right>
		<right>
			<name>View</name>
			<value>true</value>
		</right>
		<right>
			<name>Edit</name>
			<value>true</value>
		</right>
	</object>
	<object>
		<name>Document.ПеремещениеТоваров</name>
		<right>
			<name>Read</name>
			<value>true</value>
		</right>
		<right>
			<name>Update</name>
			<value>true</value>
		</right>
		<right>
			<name>View</name>
			<value>true</value>
		</right>
	</object>
	<object>
		<name>Document.ПеремещениеТоваров.Attribute.НеВыгружатьВБП</name>
		<right>
			<name>Edit</name>
			<value>false</value>
		</right>
	</object>
	<object>
		<name>Document.ПеремещениеТоваров.Attribute.НеЗаписыватьСебестИТовОрг</name>
		<right>
			<name>Edit</name>
			<value>false</value>
		</right>
	</object>
	<object>
		<name>Configuration.Buro1_Goz</name>
		<right>
			<name>ThinClient</name>
			<value>true</value>
		</right>
		<right>
			<name>WebClient</name>
			<value>true</value>
		</right>
		<right>
			<name>MobileClient</name>
			<value>true</value>
		</right>
		<right>
			<name>MainWindowModeNormal</name>
			<value>true</value>
		</right>
		<right>
			<name>MainWindowModeWorkplace</name>
			<value>true</value>
		</right>
		<right>
			<name>MainWindowModeEmbeddedWorkplace</name>
			<value>true</value>
		</right>
		<right>
			<name>MainWindowModeFullscreenWorkplace</name>
			<value>true</value>
		</right>
		<right>
			<name>MainWindowModeKiosk</name>
			<value>true</value>
		</right>
		<right>
			<name>AnalyticsSystemClient</name>
			<value>true</value>
		</right>
		<right>
			<name>SaveUserData</name>
			<value>true</value>
		</right>
		<right>
			<name>Output</name>
			<value>true</value>
		</right>
	</object>
	<object>
		<name>Document.ПеремещениеТоваров.Attribute.ГозКонтракт</name>
		<right>
			<name>Edit</name>
			<value>false</value>
		</right>
	</object>
	<object>
		<name>Document.ПеремещениеТоваров.Attribute.ПечатьСерийныхНомеровИзПула</name>
		<right>
			<name>Edit</name>
			<value>false</value>
		</right>
	</object>
	<object>
		<name>Document.РеализацияТоваровУслуг</name>
		<right>
			<name>Read</name>
			<value>true</value>
		</right>
	</object>
	<object>
		<name>Document.ПриобретениеТоваровУслуг</name>
		<right>
			<name>Read</name>
			<value>true</value>
		</right>
	</object>
</Rights>