﻿<?xml version="1.0" encoding="UTF-8"?>
<MetaDataObject xmlns="http://v8.1c.ru/8.3/MDClasses" xmlns:app="http://v8.1c.ru/8.2/managed-application/core" xmlns:cfg="http://v8.1c.ru/8.1/data/enterprise/current-config" xmlns:cmi="http://v8.1c.ru/8.2/managed-application/cmi" xmlns:ent="http://v8.1c.ru/8.1/data/enterprise" xmlns:lf="http://v8.1c.ru/8.2/managed-application/logform" xmlns:style="http://v8.1c.ru/8.1/data/ui/style" xmlns:sys="http://v8.1c.ru/8.1/data/ui/fonts/system" xmlns:v8="http://v8.1c.ru/8.1/data/core" xmlns:v8ui="http://v8.1c.ru/8.1/data/ui" xmlns:web="http://v8.1c.ru/8.1/data/ui/colors/web" xmlns:win="http://v8.1c.ru/8.1/data/ui/colors/windows" xmlns:xen="http://v8.1c.ru/8.3/xcf/enums" xmlns:xpr="http://v8.1c.ru/8.3/xcf/predef" xmlns:xr="http://v8.1c.ru/8.3/xcf/readable" xmlns:xs="http://www.w3.org/2001/XMLSchema" xmlns:xsi="http://www.w3.org/2001/XMLSchema-instance" version="2.20">
	<ChartOfCharacteristicTypes uuid="1fd4cdbe-09b1-47bb-83b8-000519215e7d">
		<InternalInfo>
			<xr:GeneratedType name="ChartOfCharacteristicTypesObject.СтатьиРасходов" category="Object">
				<xr:TypeId>ba4a9298-582d-46fd-b443-2b5feb5346f6</xr:TypeId>
				<xr:ValueId>79c08513-c7d8-43fd-8381-b535e40236f1</xr:ValueId>
			</xr:GeneratedType>
			<xr:GeneratedType name="ChartOfCharacteristicTypesRef.СтатьиРасходов" category="Ref">
				<xr:TypeId>6244f085-655f-47d6-b8d4-f668eb2c0a69</xr:TypeId>
				<xr:ValueId>b2e2998c-1270-4417-aa75-058e288c33f3</xr:ValueId>
			</xr:GeneratedType>
			<xr:GeneratedType name="ChartOfCharacteristicTypesSelection.СтатьиРасходов" category="Selection">
				<xr:TypeId>35818618-0376-451d-880a-7fbec0e0e493</xr:TypeId>
				<xr:ValueId>c89223cf-c7ce-4d7e-b6de-788a0613f7da</xr:ValueId>
			</xr:GeneratedType>
			<xr:GeneratedType name="ChartOfCharacteristicTypesList.СтатьиРасходов" category="List">
				<xr:TypeId>46d147de-d005-4737-b340-9c3a3a936d38</xr:TypeId>
				<xr:ValueId>b0948482-75f8-4eac-a4b2-27c322693693</xr:ValueId>
			</xr:GeneratedType>
			<xr:GeneratedType name="Characteristic.СтатьиРасходов" category="Characteristic">
				<xr:TypeId>4ff8538b-5e0a-4ec1-aca2-adedf32723f5</xr:TypeId>
				<xr:ValueId>c51effc1-394c-4041-a5e6-09950f52ae20</xr:ValueId>
			</xr:GeneratedType>
			<xr:GeneratedType name="ChartOfCharacteristicTypesManager.СтатьиРасходов" category="Manager">
				<xr:TypeId>81011510-bb34-4128-8c83-ee42da843129</xr:TypeId>
				<xr:ValueId>f0df2630-6173-4f57-921a-0e7cb99895ac</xr:ValueId>
			</xr:GeneratedType>
		</InternalInfo>
		<Properties>
			<ObjectBelonging>Adopted</ObjectBelonging>
			<Name>СтатьиРасходов</Name>
			<Comment/>
			<ExtendedConfigurationObject>21895752-24ac-4d5e-a4e1-d350a6d1d68d</ExtendedConfigurationObject>
		</Properties>
		<ChildObjects>
			<Attribute uuid="c63b9c58-96c1-4cd9-8b83-682109e3ec84">
				<InternalInfo/>
				<Properties>
					<ObjectBelonging>Adopted</ObjectBelonging>
					<Name>ВидАктива</Name>
					<Comment/>
					<ExtendedConfigurationObject>71f67d57-215b-4b4d-9fb6-ad1cbca5ce7e</ExtendedConfigurationObject>
					<Type>
						<v8:Type>xs:string</v8:Type>
						<v8:StringQualifiers>
							<v8:Length>10</v8:Length>
							<v8:AllowedLength>Variable</v8:AllowedLength>
						</v8:StringQualifiers>
					</Type>
				</Properties>
			</Attribute>
			<Form>ФормаЭлемента</Form>
		</ChildObjects>
	</ChartOfCharacteristicTypes>
</MetaDataObject>