﻿<?xml version="1.0" encoding="UTF-8"?>
<MetaDataObject xmlns="http://v8.1c.ru/8.3/MDClasses" xmlns:app="http://v8.1c.ru/8.2/managed-application/core" xmlns:cfg="http://v8.1c.ru/8.1/data/enterprise/current-config" xmlns:cmi="http://v8.1c.ru/8.2/managed-application/cmi" xmlns:ent="http://v8.1c.ru/8.1/data/enterprise" xmlns:lf="http://v8.1c.ru/8.2/managed-application/logform" xmlns:style="http://v8.1c.ru/8.1/data/ui/style" xmlns:sys="http://v8.1c.ru/8.1/data/ui/fonts/system" xmlns:v8="http://v8.1c.ru/8.1/data/core" xmlns:v8ui="http://v8.1c.ru/8.1/data/ui" xmlns:web="http://v8.1c.ru/8.1/data/ui/colors/web" xmlns:win="http://v8.1c.ru/8.1/data/ui/colors/windows" xmlns:xen="http://v8.1c.ru/8.3/xcf/enums" xmlns:xpr="http://v8.1c.ru/8.3/xcf/predef" xmlns:xr="http://v8.1c.ru/8.3/xcf/readable" xmlns:xs="http://www.w3.org/2001/XMLSchema" xmlns:xsi="http://www.w3.org/2001/XMLSchema-instance" version="2.20">
	<Document uuid="3eb46c64-98f9-4ac1-895e-bd42b414dfc5">
		<InternalInfo>
			<xr:GeneratedType name="DocumentObject.B1_СканированиеНомеровНаСклад" category="Object">
				<xr:TypeId>5027a9fd-2181-4510-a2e5-7882217087a8</xr:TypeId>
				<xr:ValueId>1bb85549-964a-4158-9c68-2fb891986ba5</xr:ValueId>
			</xr:GeneratedType>
			<xr:GeneratedType name="DocumentRef.B1_СканированиеНомеровНаСклад" category="Ref">
				<xr:TypeId>4f7ad97e-90ed-4982-bb74-3461abdf8edc</xr:TypeId>
				<xr:ValueId>1bbbf433-1774-46ce-96ef-ac227707d417</xr:ValueId>
			</xr:GeneratedType>
			<xr:GeneratedType name="DocumentSelection.B1_СканированиеНомеровНаСклад" category="Selection">
				<xr:TypeId>5cdebbc6-96bb-4c1c-95e4-54e234d91ddf</xr:TypeId>
				<xr:ValueId>65cdbdbc-e57c-4967-b96c-898df44b04b6</xr:ValueId>
			</xr:GeneratedType>
			<xr:GeneratedType name="DocumentList.B1_СканированиеНомеровНаСклад" category="List">
				<xr:TypeId>3dc84f14-b1e0-4f05-b134-fbd49b471709</xr:TypeId>
				<xr:ValueId>14b60903-a269-4d46-8a53-ccaf2beed2d8</xr:ValueId>
			</xr:GeneratedType>
			<xr:GeneratedType name="DocumentManager.B1_СканированиеНомеровНаСклад" category="Manager">
				<xr:TypeId>48350d9c-5ebb-49fa-9800-386c37e24a3f</xr:TypeId>
				<xr:ValueId>5aa31117-c1e5-4bda-a874-8c21f541f1cb</xr:ValueId>
			</xr:GeneratedType>
		</InternalInfo>
		<Properties>
			<Name>B1_СканированиеНомеровНаСклад</Name>
			<Synonym>
				<v8:item>
					<v8:lang>ru</v8:lang>
					<v8:content>Сканирование номеров на склад</v8:content>
				</v8:item>
			</Synonym>
			<Comment/>
			<UseStandardCommands>true</UseStandardCommands>
			<Numerator/>
			<NumberType>String</NumberType>
			<NumberLength>9</NumberLength>
			<NumberAllowedLength>Variable</NumberAllowedLength>
			<NumberPeriodicity>Nonperiodical</NumberPeriodicity>
			<CheckUnique>true</CheckUnique>
			<Autonumbering>true</Autonumbering>
			<Characteristics/>
			<BasedOn/>
			<InputByString>
				<xr:Field>Document.B1_СканированиеНомеровНаСклад.StandardAttribute.Number</xr:Field>
			</InputByString>
			<CreateOnInput>Use</CreateOnInput>
			<SearchStringModeOnInputByString>Begin</SearchStringModeOnInputByString>
			<FullTextSearchOnInputByString>DontUse</FullTextSearchOnInputByString>
			<ChoiceDataGetModeOnInputByString>Directly</ChoiceDataGetModeOnInputByString>
			<DefaultObjectForm>Document.B1_СканированиеНомеровНаСклад.Form.ФормаДокумента</DefaultObjectForm>
			<DefaultListForm/>
			<DefaultChoiceForm/>
			<AuxiliaryObjectForm/>
			<AuxiliaryListForm/>
			<AuxiliaryChoiceForm/>
			<Posting>Allow</Posting>
			<RealTimePosting>Allow</RealTimePosting>
			<RegisterRecordsDeletion>AutoDeleteOnUnpost</RegisterRecordsDeletion>
			<RegisterRecordsWritingOnPost>WriteSelected</RegisterRecordsWritingOnPost>
			<SequenceFilling>AutoFill</SequenceFilling>
			<RegisterRecords>
				<xr:Item xsi:type="xr:MDObjectRef">AccumulationRegister.УчетШтрихКодов</xr:Item>
			</RegisterRecords>
			<PostInPrivilegedMode>true</PostInPrivilegedMode>
			<UnpostInPrivilegedMode>true</UnpostInPrivilegedMode>
			<IncludeHelpInContents>false</IncludeHelpInContents>
			<DataLockFields/>
			<DataLockControlMode>Managed</DataLockControlMode>
			<FullTextSearch>Use</FullTextSearch>
			<ObjectPresentation/>
			<ExtendedObjectPresentation/>
			<ListPresentation/>
			<ExtendedListPresentation/>
			<Explanation/>
			<ChoiceHistoryOnInput>Auto</ChoiceHistoryOnInput>
			<DataHistory>DontUse</DataHistory>
			<UpdateDataHistoryImmediatelyAfterWrite>false</UpdateDataHistoryImmediatelyAfterWrite>
			<ExecuteAfterWriteDataHistoryVersionProcessing>false</ExecuteAfterWriteDataHistoryVersionProcessing>
		</Properties>
		<ChildObjects>
			<Attribute uuid="cf41a884-ed36-4a88-9254-405127a9b0d3">
				<Properties>
					<Name>Комментарий</Name>
					<Synonym>
						<v8:item>
							<v8:lang>ru</v8:lang>
							<v8:content>Комментарий</v8:content>
						</v8:item>
					</Synonym>
					<Comment/>
					<Type>
						<v8:Type>xs:string</v8:Type>
						<v8:StringQualifiers>
							<v8:Length>150</v8:Length>
							<v8:AllowedLength>Variable</v8:AllowedLength>
						</v8:StringQualifiers>
					</Type>
					<PasswordMode>false</PasswordMode>
					<Format/>
					<EditFormat/>
					<ToolTip/>
					<MarkNegatives>false</MarkNegatives>
					<Mask/>
					<MultiLine>false</MultiLine>
					<ExtendedEdit>false</ExtendedEdit>
					<MinValue xsi:nil="true"/>
					<MaxValue xsi:nil="true"/>
					<FillFromFillingValue>false</FillFromFillingValue>
					<FillValue xsi:type="xs:string"/>
					<FillChecking>DontCheck</FillChecking>
					<ChoiceFoldersAndItems>Items</ChoiceFoldersAndItems>
					<ChoiceParameterLinks/>
					<ChoiceParameters/>
					<QuickChoice>Auto</QuickChoice>
					<CreateOnInput>Auto</CreateOnInput>
					<ChoiceForm/>
					<LinkByType/>
					<ChoiceHistoryOnInput>Auto</ChoiceHistoryOnInput>
					<Indexing>DontIndex</Indexing>
					<FullTextSearch>Use</FullTextSearch>
					<DataHistory>Use</DataHistory>
				</Properties>
			</Attribute>
			<Attribute uuid="6ad65d52-6d44-4bd5-b328-d72aaaa80442">
				<Properties>
					<Name>Номенклатура</Name>
					<Synonym>
						<v8:item>
							<v8:lang>ru</v8:lang>
							<v8:content>Номенклатура</v8:content>
						</v8:item>
					</Synonym>
					<Comment/>
					<Type>
						<v8:Type>cfg:CatalogRef.Номенклатура</v8:Type>
					</Type>
					<PasswordMode>false</PasswordMode>
					<Format/>
					<EditFormat/>
					<ToolTip/>
					<MarkNegatives>false</MarkNegatives>
					<Mask/>
					<MultiLine>false</MultiLine>
					<ExtendedEdit>false</ExtendedEdit>
					<MinValue xsi:nil="true"/>
					<MaxValue xsi:nil="true"/>
					<FillFromFillingValue>false</FillFromFillingValue>
					<FillValue xsi:nil="true"/>
					<FillChecking>DontCheck</FillChecking>
					<ChoiceFoldersAndItems>Items</ChoiceFoldersAndItems>
					<ChoiceParameterLinks/>
					<ChoiceParameters/>
					<QuickChoice>Auto</QuickChoice>
					<CreateOnInput>Auto</CreateOnInput>
					<ChoiceForm/>
					<LinkByType/>
					<ChoiceHistoryOnInput>Auto</ChoiceHistoryOnInput>
					<Indexing>DontIndex</Indexing>
					<FullTextSearch>Use</FullTextSearch>
					<DataHistory>Use</DataHistory>
				</Properties>
			</Attribute>
			<Attribute uuid="c042f657-a084-4c43-b509-ae68de6b1804">
				<Properties>
					<Name>НеПечататьЭтикетку</Name>
					<Synonym>
						<v8:item>
							<v8:lang>ru</v8:lang>
							<v8:content>Не печатать этикетку</v8:content>
						</v8:item>
					</Synonym>
					<Comment/>
					<Type>
						<v8:Type>xs:boolean</v8:Type>
					</Type>
					<PasswordMode>false</PasswordMode>
					<Format/>
					<EditFormat/>
					<ToolTip/>
					<MarkNegatives>false</MarkNegatives>
					<Mask/>
					<MultiLine>false</MultiLine>
					<ExtendedEdit>false</ExtendedEdit>
					<MinValue xsi:nil="true"/>
					<MaxValue xsi:nil="true"/>
					<FillFromFillingValue>false</FillFromFillingValue>
					<FillValue xsi:nil="true"/>
					<FillChecking>DontCheck</FillChecking>
					<ChoiceFoldersAndItems>Items</ChoiceFoldersAndItems>
					<ChoiceParameterLinks/>
					<ChoiceParameters/>
					<QuickChoice>Auto</QuickChoice>
					<CreateOnInput>Auto</CreateOnInput>
					<ChoiceForm/>
					<LinkByType/>
					<ChoiceHistoryOnInput>Auto</ChoiceHistoryOnInput>
					<Indexing>DontIndex</Indexing>
					<FullTextSearch>Use</FullTextSearch>
					<DataHistory>Use</DataHistory>
				</Properties>
			</Attribute>
			<Form>ФормаДокумента</Form>
			<TabularSection uuid="a5fca05c-70dc-4394-87ab-637ca7afae0a">
				<InternalInfo>
					<xr:GeneratedType name="DocumentTabularSection.B1_СканированиеНомеровНаСклад.СерийныйНомера" category="TabularSection">
						<xr:TypeId>1e654d2e-5963-4426-8d46-ff32a6f7d95e</xr:TypeId>
						<xr:ValueId>37b522fa-6d51-48c9-88e7-323da8a57523</xr:ValueId>
					</xr:GeneratedType>
					<xr:GeneratedType name="DocumentTabularSectionRow.B1_СканированиеНомеровНаСклад.СерийныйНомера" category="TabularSectionRow">
						<xr:TypeId>ee0e3707-8e41-4d25-a65b-1ee18619fc04</xr:TypeId>
						<xr:ValueId>0708c50f-7f9f-45e8-9985-b33df124be38</xr:ValueId>
					</xr:GeneratedType>
				</InternalInfo>
				<Properties>
					<Name>СерийныйНомера</Name>
					<Synonym>
						<v8:item>
							<v8:lang>ru</v8:lang>
							<v8:content>Серийный номера</v8:content>
						</v8:item>
					</Synonym>
					<Comment/>
					<ToolTip/>
					<FillChecking>DontCheck</FillChecking>
					<LineNumberLength>5</LineNumberLength>
				</Properties>
				<ChildObjects>
					<Attribute uuid="0ada7c16-ec84-49ff-96d0-67bf856c7d9c">
						<Properties>
							<Name>СерийныйНомер</Name>
							<Synonym>
								<v8:item>
									<v8:lang>ru</v8:lang>
									<v8:content>Серийный номер</v8:content>
								</v8:item>
							</Synonym>
							<Comment/>
							<Type>
								<v8:Type>xs:string</v8:Type>
								<v8:StringQualifiers>
									<v8:Length>50</v8:Length>
									<v8:AllowedLength>Variable</v8:AllowedLength>
								</v8:StringQualifiers>
							</Type>
							<PasswordMode>false</PasswordMode>
							<Format/>
							<EditFormat/>
							<ToolTip/>
							<MarkNegatives>false</MarkNegatives>
							<Mask/>
							<MultiLine>false</MultiLine>
							<ExtendedEdit>false</ExtendedEdit>
							<MinValue xsi:nil="true"/>
							<MaxValue xsi:nil="true"/>
							<FillChecking>DontCheck</FillChecking>
							<ChoiceFoldersAndItems>Items</ChoiceFoldersAndItems>
							<ChoiceParameterLinks/>
							<ChoiceParameters/>
							<QuickChoice>Auto</QuickChoice>
							<CreateOnInput>Auto</CreateOnInput>
							<ChoiceForm/>
							<LinkByType/>
							<ChoiceHistoryOnInput>Auto</ChoiceHistoryOnInput>
							<Indexing>DontIndex</Indexing>
							<FullTextSearch>Use</FullTextSearch>
							<DataHistory>Use</DataHistory>
						</Properties>
					</Attribute>
					<Attribute uuid="5a4216ab-6d89-4cd5-b6ac-bb90f39bbe1c">
						<Properties>
							<Name>Номенклатура</Name>
							<Synonym>
								<v8:item>
									<v8:lang>ru</v8:lang>
									<v8:content>Номенклатура</v8:content>
								</v8:item>
							</Synonym>
							<Comment>Не используется. Нужен для работы расширения ДатаМобайл</Comment>
							<Type>
								<v8:Type>cfg:CatalogRef.Номенклатура</v8:Type>
							</Type>
							<PasswordMode>false</PasswordMode>
							<Format/>
							<EditFormat/>
							<ToolTip/>
							<MarkNegatives>false</MarkNegatives>
							<Mask/>
							<MultiLine>false</MultiLine>
							<ExtendedEdit>false</ExtendedEdit>
							<MinValue xsi:nil="true"/>
							<MaxValue xsi:nil="true"/>
							<FillChecking>DontCheck</FillChecking>
							<ChoiceFoldersAndItems>Items</ChoiceFoldersAndItems>
							<ChoiceParameterLinks/>
							<ChoiceParameters/>
							<QuickChoice>Auto</QuickChoice>
							<CreateOnInput>Auto</CreateOnInput>
							<ChoiceForm/>
							<LinkByType/>
							<ChoiceHistoryOnInput>Auto</ChoiceHistoryOnInput>
							<Indexing>DontIndex</Indexing>
							<FullTextSearch>Use</FullTextSearch>
							<DataHistory>Use</DataHistory>
						</Properties>
					</Attribute>
					<Attribute uuid="ea7d19c9-7b04-49c9-80ca-0f80abf90966">
						<Properties>
							<Name>Характеристика</Name>
							<Synonym>
								<v8:item>
									<v8:lang>ru</v8:lang>
									<v8:content>Характеристика</v8:content>
								</v8:item>
							</Synonym>
							<Comment/>
							<Type>
								<v8:Type>cfg:CatalogRef.ХарактеристикиНоменклатуры</v8:Type>
							</Type>
							<PasswordMode>false</PasswordMode>
							<Format/>
							<EditFormat/>
							<ToolTip>
								<v8:item>
									<v8:lang>ru</v8:lang>
									<v8:content>Характеристика номенклатуры, если характеристики для номенклатуры используются</v8:content>
								</v8:item>
							</ToolTip>
							<MarkNegatives>false</MarkNegatives>
							<Mask/>
							<MultiLine>false</MultiLine>
							<ExtendedEdit>false</ExtendedEdit>
							<MinValue xsi:nil="true"/>
							<MaxValue xsi:nil="true"/>
							<FillChecking>ShowError</FillChecking>
							<ChoiceFoldersAndItems>Items</ChoiceFoldersAndItems>
							<ChoiceParameterLinks>
								<xr:Link>
									<xr:Name>Номенклатура</xr:Name>
									<xr:DataPath xsi:type="xs:string">0:fc1e4a0f-37f6-495a-aaa9-9bb6ed1bc4db/0:63d40a34-3184-497e-80f8-1ddc26377d7f</xr:DataPath>
									<xr:ValueChange>DontChange</xr:ValueChange>
								</xr:Link>
							</ChoiceParameterLinks>
							<ChoiceParameters/>
							<QuickChoice>Auto</QuickChoice>
							<CreateOnInput>Auto</CreateOnInput>
							<ChoiceForm/>
							<LinkByType/>
							<ChoiceHistoryOnInput>Auto</ChoiceHistoryOnInput>
							<Indexing>DontIndex</Indexing>
							<FullTextSearch>Use</FullTextSearch>
							<DataHistory>Use</DataHistory>
						</Properties>
					</Attribute>
				</ChildObjects>
			</TabularSection>
		</ChildObjects>
	</Document>
</MetaDataObject>