﻿<?xml version="1.0" encoding="UTF-8"?>
<MetaDataObject xmlns="http://v8.1c.ru/8.3/MDClasses" xmlns:app="http://v8.1c.ru/8.2/managed-application/core" xmlns:cfg="http://v8.1c.ru/8.1/data/enterprise/current-config" xmlns:cmi="http://v8.1c.ru/8.2/managed-application/cmi" xmlns:ent="http://v8.1c.ru/8.1/data/enterprise" xmlns:lf="http://v8.1c.ru/8.2/managed-application/logform" xmlns:style="http://v8.1c.ru/8.1/data/ui/style" xmlns:sys="http://v8.1c.ru/8.1/data/ui/fonts/system" xmlns:v8="http://v8.1c.ru/8.1/data/core" xmlns:v8ui="http://v8.1c.ru/8.1/data/ui" xmlns:web="http://v8.1c.ru/8.1/data/ui/colors/web" xmlns:win="http://v8.1c.ru/8.1/data/ui/colors/windows" xmlns:xen="http://v8.1c.ru/8.3/xcf/enums" xmlns:xpr="http://v8.1c.ru/8.3/xcf/predef" xmlns:xr="http://v8.1c.ru/8.3/xcf/readable" xmlns:xs="http://www.w3.org/2001/XMLSchema" xmlns:xsi="http://www.w3.org/2001/XMLSchema-instance" version="2.20">
	<Document uuid="e3e6d38d-1966-4492-a32c-283630d1278f">
		<InternalInfo>
			<xr:GeneratedType name="DocumentObject.ЗаявкаНаРасходованиеДенежныхСредств" category="Object">
				<xr:TypeId>a2d60014-8ade-4455-aefb-50d9d1bcdfb1</xr:TypeId>
				<xr:ValueId>aca71d7d-f9c0-4cae-b60f-33ddb381af7f</xr:ValueId>
			</xr:GeneratedType>
			<xr:GeneratedType name="DocumentRef.ЗаявкаНаРасходованиеДенежныхСредств" category="Ref">
				<xr:TypeId>e7f5223c-849e-4c2a-bcbf-cd478d5f2586</xr:TypeId>
				<xr:ValueId>beed1abd-581f-430e-b90c-5697f6d05e76</xr:ValueId>
			</xr:GeneratedType>
			<xr:GeneratedType name="DocumentSelection.ЗаявкаНаРасходованиеДенежныхСредств" category="Selection">
				<xr:TypeId>0b70bc4b-a500-4dc4-a43a-524536ec5d04</xr:TypeId>
				<xr:ValueId>8e2be4d0-a401-4e3a-96b2-c06d1be78880</xr:ValueId>
			</xr:GeneratedType>
			<xr:GeneratedType name="DocumentList.ЗаявкаНаРасходованиеДенежныхСредств" category="List">
				<xr:TypeId>3bcd7a51-1322-4193-97be-9cc85819fc26</xr:TypeId>
				<xr:ValueId>a44325cf-2097-4f81-a24d-0d9892d29269</xr:ValueId>
			</xr:GeneratedType>
			<xr:GeneratedType name="DocumentManager.ЗаявкаНаРасходованиеДенежныхСредств" category="Manager">
				<xr:TypeId>ff06eff2-7d40-4f68-a3c4-a6030559644b</xr:TypeId>
				<xr:ValueId>c8cf1f50-e35f-4c30-8e78-f9d3d4a43d0a</xr:ValueId>
			</xr:GeneratedType>
		</InternalInfo>
		<Properties>
			<ObjectBelonging>Adopted</ObjectBelonging>
			<Name>ЗаявкаНаРасходованиеДенежныхСредств</Name>
			<Comment/>
			<ExtendedConfigurationObject>c97305dd-0349-4b67-ba20-a37c9742ec79</ExtendedConfigurationObject>
			<RegisterRecords/>
		</Properties>
		<ChildObjects>
			<Attribute uuid="663dda53-decc-4254-9e44-fe5afa123081">
				<Properties>
					<Name>ГозКонтракт</Name>
					<Synonym>
						<v8:item>
							<v8:lang>ru</v8:lang>
							<v8:content>ГОЗ контракт</v8:content>
						</v8:item>
					</Synonym>
					<Comment/>
					<Type>
						<v8:Type>cfg:DocumentRef.КонтрактыГОЗ</v8:Type>
					</Type>
					<PasswordMode>false</PasswordMode>
					<Format/>
					<EditFormat/>
					<ToolTip/>
					<MarkNegatives>false</MarkNegatives>
					<Mask/>
					<MultiLine>false</MultiLine>
					<ExtendedEdit>false</ExtendedEdit>
					<MinValue xsi:nil="true"/>
					<MaxValue xsi:nil="true"/>
					<FillFromFillingValue>false</FillFromFillingValue>
					<FillValue xsi:nil="true"/>
					<FillChecking>DontCheck</FillChecking>
					<ChoiceFoldersAndItems>Items</ChoiceFoldersAndItems>
					<ChoiceParameterLinks/>
					<ChoiceParameters/>
					<QuickChoice>Auto</QuickChoice>
					<CreateOnInput>Auto</CreateOnInput>
					<ChoiceForm/>
					<LinkByType/>
					<ChoiceHistoryOnInput>Auto</ChoiceHistoryOnInput>
					<Indexing>DontIndex</Indexing>
					<FullTextSearch>Use</FullTextSearch>
					<DataHistory>Use</DataHistory>
				</Properties>
			</Attribute>
			<Form>ФормаДокумента</Form>
		</ChildObjects>
	</Document>
</MetaDataObject>