﻿<?xml version="1.0" encoding="UTF-8"?>
<MetaDataObject xmlns="http://v8.1c.ru/8.3/MDClasses" xmlns:app="http://v8.1c.ru/8.2/managed-application/core" xmlns:cfg="http://v8.1c.ru/8.1/data/enterprise/current-config" xmlns:cmi="http://v8.1c.ru/8.2/managed-application/cmi" xmlns:ent="http://v8.1c.ru/8.1/data/enterprise" xmlns:lf="http://v8.1c.ru/8.2/managed-application/logform" xmlns:style="http://v8.1c.ru/8.1/data/ui/style" xmlns:sys="http://v8.1c.ru/8.1/data/ui/fonts/system" xmlns:v8="http://v8.1c.ru/8.1/data/core" xmlns:v8ui="http://v8.1c.ru/8.1/data/ui" xmlns:web="http://v8.1c.ru/8.1/data/ui/colors/web" xmlns:win="http://v8.1c.ru/8.1/data/ui/colors/windows" xmlns:xen="http://v8.1c.ru/8.3/xcf/enums" xmlns:xpr="http://v8.1c.ru/8.3/xcf/predef" xmlns:xr="http://v8.1c.ru/8.3/xcf/readable" xmlns:xs="http://www.w3.org/2001/XMLSchema" xmlns:xsi="http://www.w3.org/2001/XMLSchema-instance" version="2.20">
	<Document uuid="d56765b8-fef6-480f-b754-fba780958e1a">
		<InternalInfo>
			<xr:GeneratedType name="DocumentObject.РасходныйКассовыйОрдер" category="Object">
				<xr:TypeId>0d3a1a73-e7ba-46e8-8c44-9aac225e9d7f</xr:TypeId>
				<xr:ValueId>40d920c3-09c4-4db4-85eb-14425092778d</xr:ValueId>
			</xr:GeneratedType>
			<xr:GeneratedType name="DocumentRef.РасходныйКассовыйОрдер" category="Ref">
				<xr:TypeId>3cb42b9b-ebd5-4400-a93c-8bc97d9a2610</xr:TypeId>
				<xr:ValueId>53566038-b5f8-4f38-99c9-192ef6f5d6b1</xr:ValueId>
			</xr:GeneratedType>
			<xr:GeneratedType name="DocumentSelection.РасходныйКассовыйОрдер" category="Selection">
				<xr:TypeId>af80d38a-dce4-42d3-8e7d-7ad995d544fe</xr:TypeId>
				<xr:ValueId>5883dbff-5683-4304-954a-d242eb6af148</xr:ValueId>
			</xr:GeneratedType>
			<xr:GeneratedType name="DocumentList.РасходныйКассовыйОрдер" category="List">
				<xr:TypeId>21c018e7-da3d-40bd-b3cc-f7b6aed096e2</xr:TypeId>
				<xr:ValueId>19700877-0e04-4a7b-9345-3bb780918799</xr:ValueId>
			</xr:GeneratedType>
			<xr:GeneratedType name="DocumentManager.РасходныйКассовыйОрдер" category="Manager">
				<xr:TypeId>86bc5304-b1a7-4881-afb3-adcb6a72336f</xr:TypeId>
				<xr:ValueId>d000b9c3-fb3e-43d0-9339-0167eea106fa</xr:ValueId>
			</xr:GeneratedType>
		</InternalInfo>
		<Properties>
			<ObjectBelonging>Adopted</ObjectBelonging>
			<Name>РасходныйКассовыйОрдер</Name>
			<Comment/>
			<ExtendedConfigurationObject>eae285fe-79a3-4d70-a64b-ccacfcabc3fb</ExtendedConfigurationObject>
			<RegisterRecords/>
		</Properties>
		<ChildObjects>
			<Attribute uuid="298fa59a-0c9c-40ac-ba6d-c57329f88ef1">
				<Properties>
					<Name>ГозКонтракт</Name>
					<Synonym>
						<v8:item>
							<v8:lang>ru</v8:lang>
							<v8:content>ГОЗ контракт</v8:content>
						</v8:item>
					</Synonym>
					<Comment/>
					<Type>
						<v8:Type>cfg:DocumentRef.КонтрактыГОЗ</v8:Type>
					</Type>
					<PasswordMode>false</PasswordMode>
					<Format/>
					<EditFormat/>
					<ToolTip/>
					<MarkNegatives>false</MarkNegatives>
					<Mask/>
					<MultiLine>false</MultiLine>
					<ExtendedEdit>false</ExtendedEdit>
					<MinValue xsi:nil="true"/>
					<MaxValue xsi:nil="true"/>
					<FillFromFillingValue>false</FillFromFillingValue>
					<FillValue xsi:nil="true"/>
					<FillChecking>DontCheck</FillChecking>
					<ChoiceFoldersAndItems>Items</ChoiceFoldersAndItems>
					<ChoiceParameterLinks/>
					<ChoiceParameters/>
					<QuickChoice>Auto</QuickChoice>
					<CreateOnInput>Auto</CreateOnInput>
					<ChoiceForm/>
					<LinkByType/>
					<ChoiceHistoryOnInput>Auto</ChoiceHistoryOnInput>
					<Indexing>DontIndex</Indexing>
					<FullTextSearch>Use</FullTextSearch>
					<DataHistory>Use</DataHistory>
				</Properties>
			</Attribute>
			<Attribute uuid="246ff08b-a221-4e24-a6f4-780f39619373">
				<Properties>
					<Name>ПроектРазвития</Name>
					<Synonym>
						<v8:item>
							<v8:lang>ru</v8:lang>
							<v8:content>Проект развития</v8:content>
						</v8:item>
					</Synonym>
					<Comment/>
					<Type>
						<v8:Type>cfg:CatalogRef.ПроектыРазвития</v8:Type>
					</Type>
					<PasswordMode>false</PasswordMode>
					<Format/>
					<EditFormat/>
					<ToolTip/>
					<MarkNegatives>false</MarkNegatives>
					<Mask/>
					<MultiLine>false</MultiLine>
					<ExtendedEdit>false</ExtendedEdit>
					<MinValue xsi:nil="true"/>
					<MaxValue xsi:nil="true"/>
					<FillFromFillingValue>false</FillFromFillingValue>
					<FillValue xsi:nil="true"/>
					<FillChecking>DontCheck</FillChecking>
					<ChoiceFoldersAndItems>Items</ChoiceFoldersAndItems>
					<ChoiceParameterLinks/>
					<ChoiceParameters/>
					<QuickChoice>Auto</QuickChoice>
					<CreateOnInput>Auto</CreateOnInput>
					<ChoiceForm/>
					<LinkByType/>
					<ChoiceHistoryOnInput>Auto</ChoiceHistoryOnInput>
					<Indexing>DontIndex</Indexing>
					<FullTextSearch>Use</FullTextSearch>
					<DataHistory>Use</DataHistory>
				</Properties>
			</Attribute>
			<Form>ФормаДокумента</Form>
			<TabularSection uuid="64c86f98-2678-4062-b59b-a6f8bdb62dc1">
				<InternalInfo>
					<xr:GeneratedType name="DocumentTabularSection.РасходныйКассовыйОрдер.ГОЗ" category="TabularSection">
						<xr:TypeId>7fec165c-7bdf-4d3d-9287-0944346af052</xr:TypeId>
						<xr:ValueId>6b4b2a65-88ef-4490-9ab8-2b239051b649</xr:ValueId>
					</xr:GeneratedType>
					<xr:GeneratedType name="DocumentTabularSectionRow.РасходныйКассовыйОрдер.ГОЗ" category="TabularSectionRow">
						<xr:TypeId>aefe4d4c-7271-4bd7-8519-ac8644ca569a</xr:TypeId>
						<xr:ValueId>62d1d595-1ee1-4234-9eb8-6c2edff5f122</xr:ValueId>
					</xr:GeneratedType>
				</InternalInfo>
				<Properties>
					<Name>ГОЗ</Name>
					<Synonym>
						<v8:item>
							<v8:lang>ru</v8:lang>
							<v8:content>ГОЗ</v8:content>
						</v8:item>
					</Synonym>
					<Comment/>
					<ToolTip/>
					<FillChecking>DontCheck</FillChecking>
					<LineNumberLength>5</LineNumberLength>
				</Properties>
				<ChildObjects>
					<Attribute uuid="a7e31df1-d2d9-41a9-a56f-947380863b19">
						<Properties>
							<Name>СтатьиРасходовГоз</Name>
							<Synonym>
								<v8:item>
									<v8:lang>ru</v8:lang>
									<v8:content>Статьи расходов гоз</v8:content>
								</v8:item>
							</Synonym>
							<Comment/>
							<Type>
								<v8:Type>cfg:ChartOfCharacteristicTypesRef.СтатьиРасходов</v8:Type>
							</Type>
							<PasswordMode>false</PasswordMode>
							<Format/>
							<EditFormat/>
							<ToolTip/>
							<MarkNegatives>false</MarkNegatives>
							<Mask/>
							<MultiLine>false</MultiLine>
							<ExtendedEdit>false</ExtendedEdit>
							<MinValue xsi:nil="true"/>
							<MaxValue xsi:nil="true"/>
							<FillChecking>DontCheck</FillChecking>
							<ChoiceFoldersAndItems>Items</ChoiceFoldersAndItems>
							<ChoiceParameterLinks/>
							<ChoiceParameters/>
							<QuickChoice>Auto</QuickChoice>
							<CreateOnInput>Auto</CreateOnInput>
							<ChoiceForm/>
							<LinkByType/>
							<ChoiceHistoryOnInput>Auto</ChoiceHistoryOnInput>
							<Indexing>DontIndex</Indexing>
							<FullTextSearch>Use</FullTextSearch>
							<DataHistory>Use</DataHistory>
						</Properties>
					</Attribute>
					<Attribute uuid="783a96b5-e303-4d09-a51e-fa5801daafc8">
						<Properties>
							<Name>Сумма</Name>
							<Synonym>
								<v8:item>
									<v8:lang>ru</v8:lang>
									<v8:content>Сумма</v8:content>
								</v8:item>
							</Synonym>
							<Comment/>
							<Type>
								<v8:Type>xs:decimal</v8:Type>
								<v8:NumberQualifiers>
									<v8:Digits>15</v8:Digits>
									<v8:FractionDigits>2</v8:FractionDigits>
									<v8:AllowedSign>Any</v8:AllowedSign>
								</v8:NumberQualifiers>
							</Type>
							<PasswordMode>false</PasswordMode>
							<Format/>
							<EditFormat/>
							<ToolTip/>
							<MarkNegatives>false</MarkNegatives>
							<Mask/>
							<MultiLine>false</MultiLine>
							<ExtendedEdit>false</ExtendedEdit>
							<MinValue xsi:nil="true"/>
							<MaxValue xsi:nil="true"/>
							<FillChecking>DontCheck</FillChecking>
							<ChoiceFoldersAndItems>Items</ChoiceFoldersAndItems>
							<ChoiceParameterLinks/>
							<ChoiceParameters/>
							<QuickChoice>Auto</QuickChoice>
							<CreateOnInput>Auto</CreateOnInput>
							<ChoiceForm/>
							<LinkByType/>
							<ChoiceHistoryOnInput>Auto</ChoiceHistoryOnInput>
							<Indexing>DontIndex</Indexing>
							<FullTextSearch>Use</FullTextSearch>
							<DataHistory>Use</DataHistory>
						</Properties>
					</Attribute>
				</ChildObjects>
			</TabularSection>
			<TabularSection uuid="62ba211c-a606-4a2d-ac90-bf6a0a480738">
				<InternalInfo>
					<xr:GeneratedType name="DocumentTabularSection.РасходныйКассовыйОрдер.РасшифровкаПлатежа" category="TabularSection">
						<xr:TypeId>a55a4bd2-ca5f-4b70-b3a0-c337d827a35a</xr:TypeId>
						<xr:ValueId>621e5956-42a1-4ba6-9d20-173f2488ad31</xr:ValueId>
					</xr:GeneratedType>
					<xr:GeneratedType name="DocumentTabularSectionRow.РасходныйКассовыйОрдер.РасшифровкаПлатежа" category="TabularSectionRow">
						<xr:TypeId>6da429a4-e791-48bf-a7ff-90e528511a73</xr:TypeId>
						<xr:ValueId>b7d8251e-2875-449d-93c2-fd0926df512c</xr:ValueId>
					</xr:GeneratedType>
				</InternalInfo>
				<Properties>
					<ObjectBelonging>Adopted</ObjectBelonging>
					<Name>РасшифровкаПлатежа</Name>
					<Comment/>
					<ExtendedConfigurationObject>16b830e6-fd77-4f5a-8777-64507f5487f4</ExtendedConfigurationObject>
				</Properties>
				<ChildObjects/>
			</TabularSection>
		</ChildObjects>
	</Document>
</MetaDataObject>