﻿<?xml version="1.0" encoding="UTF-8"?>
<MetaDataObject xmlns="http://v8.1c.ru/8.3/MDClasses" xmlns:app="http://v8.1c.ru/8.2/managed-application/core" xmlns:cfg="http://v8.1c.ru/8.1/data/enterprise/current-config" xmlns:cmi="http://v8.1c.ru/8.2/managed-application/cmi" xmlns:ent="http://v8.1c.ru/8.1/data/enterprise" xmlns:lf="http://v8.1c.ru/8.2/managed-application/logform" xmlns:style="http://v8.1c.ru/8.1/data/ui/style" xmlns:sys="http://v8.1c.ru/8.1/data/ui/fonts/system" xmlns:v8="http://v8.1c.ru/8.1/data/core" xmlns:v8ui="http://v8.1c.ru/8.1/data/ui" xmlns:web="http://v8.1c.ru/8.1/data/ui/colors/web" xmlns:win="http://v8.1c.ru/8.1/data/ui/colors/windows" xmlns:xen="http://v8.1c.ru/8.3/xcf/enums" xmlns:xpr="http://v8.1c.ru/8.3/xcf/predef" xmlns:xr="http://v8.1c.ru/8.3/xcf/readable" xmlns:xs="http://www.w3.org/2001/XMLSchema" xmlns:xsi="http://www.w3.org/2001/XMLSchema-instance" version="2.20">
	<Document uuid="f97da29d-97d7-4cfe-ab38-f854e0681f9b">
		<InternalInfo>
			<xr:GeneratedType name="DocumentObject.СборкаТоваров" category="Object">
				<xr:TypeId>6cb3f326-100a-4d43-a2c5-2ccbea1f5d24</xr:TypeId>
				<xr:ValueId>c8955f42-7656-4f97-aff6-17ea82167b12</xr:ValueId>
			</xr:GeneratedType>
			<xr:GeneratedType name="DocumentRef.СборкаТоваров" category="Ref">
				<xr:TypeId>736d0380-2e0c-40c3-a3d8-34efb226ff3b</xr:TypeId>
				<xr:ValueId>9b9fd17a-aad0-4d0c-93d2-140bd8514206</xr:ValueId>
			</xr:GeneratedType>
			<xr:GeneratedType name="DocumentSelection.СборкаТоваров" category="Selection">
				<xr:TypeId>2d398489-1a0b-4e8a-9cb4-626da2a8034c</xr:TypeId>
				<xr:ValueId>711c52ef-0981-45f7-9ec6-665e61ad1015</xr:ValueId>
			</xr:GeneratedType>
			<xr:GeneratedType name="DocumentList.СборкаТоваров" category="List">
				<xr:TypeId>e02a13f7-a496-4c15-9b43-d09e16207490</xr:TypeId>
				<xr:ValueId>9b293067-6d1e-42f7-a3b2-19387ed186c1</xr:ValueId>
			</xr:GeneratedType>
			<xr:GeneratedType name="DocumentManager.СборкаТоваров" category="Manager">
				<xr:TypeId>677ddfb6-0398-4f87-a580-70e6c0baced4</xr:TypeId>
				<xr:ValueId>76548b33-4573-4f45-86cd-32d727fc8034</xr:ValueId>
			</xr:GeneratedType>
		</InternalInfo>
		<Properties>
			<ObjectBelonging>Adopted</ObjectBelonging>
			<Name>СборкаТоваров</Name>
			<Comment/>
			<ExtendedConfigurationObject>600ea876-962e-4c78-bacb-7368e2d7bd87</ExtendedConfigurationObject>
			<RegisterRecords/>
		</Properties>
		<ChildObjects>
			<Attribute uuid="cb8f0357-511d-42c0-9167-285560492d95">
				<Properties>
					<Name>ГозКонтракт</Name>
					<Synonym>
						<v8:item>
							<v8:lang>ru</v8:lang>
							<v8:content>ГОЗ контракт</v8:content>
						</v8:item>
					</Synonym>
					<Comment/>
					<Type>
						<v8:Type>cfg:DocumentRef.КонтрактыГОЗ</v8:Type>
					</Type>
					<PasswordMode>false</PasswordMode>
					<Format/>
					<EditFormat/>
					<ToolTip/>
					<MarkNegatives>false</MarkNegatives>
					<Mask/>
					<MultiLine>false</MultiLine>
					<ExtendedEdit>false</ExtendedEdit>
					<MinValue xsi:nil="true"/>
					<MaxValue xsi:nil="true"/>
					<FillFromFillingValue>false</FillFromFillingValue>
					<FillValue xsi:nil="true"/>
					<FillChecking>DontCheck</FillChecking>
					<ChoiceFoldersAndItems>Items</ChoiceFoldersAndItems>
					<ChoiceParameterLinks/>
					<ChoiceParameters/>
					<QuickChoice>Auto</QuickChoice>
					<CreateOnInput>Auto</CreateOnInput>
					<ChoiceForm/>
					<LinkByType/>
					<ChoiceHistoryOnInput>Auto</ChoiceHistoryOnInput>
					<Indexing>DontIndex</Indexing>
					<FullTextSearch>Use</FullTextSearch>
					<DataHistory>Use</DataHistory>
				</Properties>
			</Attribute>
			<Attribute uuid="896c8df5-1def-43f4-879c-b89a70dec9f3">
				<InternalInfo/>
				<Properties>
					<ObjectBelonging>Adopted</ObjectBelonging>
					<Name>Номенклатура</Name>
					<Comment/>
					<ExtendedConfigurationObject>36cdefc1-23ca-4fe3-b864-94f83040a429</ExtendedConfigurationObject>
					<Type>
						<v8:Type>cfg:CatalogRef.Номенклатура</v8:Type>
					</Type>
				</Properties>
			</Attribute>
			<Attribute uuid="344af030-3220-4a37-9f18-8e7972dc3f6b">
				<InternalInfo/>
				<Properties>
					<ObjectBelonging>Adopted</ObjectBelonging>
					<Name>Количество</Name>
					<Comment/>
					<ExtendedConfigurationObject>4fa1b212-5596-4c95-a562-392b50315555</ExtendedConfigurationObject>
					<Type>
						<v8:Type>xs:decimal</v8:Type>
						<v8:NumberQualifiers>
							<v8:Digits>15</v8:Digits>
							<v8:FractionDigits>3</v8:FractionDigits>
							<v8:AllowedSign>Nonnegative</v8:AllowedSign>
						</v8:NumberQualifiers>
					</Type>
				</Properties>
			</Attribute>
			<Attribute uuid="b88e75e6-c10b-4e48-a4a0-beeb2c8f8d27">
				<InternalInfo/>
				<Properties>
					<ObjectBelonging>Adopted</ObjectBelonging>
					<Name>Характеристика</Name>
					<Comment/>
					<ExtendedConfigurationObject>42eddef1-f1c0-4c28-868f-c53ff3b76c66</ExtendedConfigurationObject>
					<Type>
						<v8:Type>cfg:CatalogRef.ХарактеристикиНоменклатуры</v8:Type>
					</Type>
				</Properties>
			</Attribute>
			<Attribute uuid="4d82844b-2f0c-4cad-a3d1-c11a523750ec">
				<InternalInfo/>
				<Properties>
					<ObjectBelonging>Adopted</ObjectBelonging>
					<Name>Склад</Name>
					<Comment/>
					<ExtendedConfigurationObject>8ee6e203-13d7-45c1-a07a-3d9d0e3231bc</ExtendedConfigurationObject>
					<Type>
						<v8:Type>cfg:CatalogRef.Склады</v8:Type>
					</Type>
				</Properties>
			</Attribute>
			<Attribute uuid="344b9ca8-1b3f-434c-aa34-03c09f7a4e5d">
				<InternalInfo/>
				<Properties>
					<ObjectBelonging>Adopted</ObjectBelonging>
					<Name>Статус</Name>
					<Comment/>
					<ExtendedConfigurationObject>a0a01907-71fe-4924-bd74-638b110a692d</ExtendedConfigurationObject>
					<Type>
						<v8:Type>cfg:EnumRef.СтатусыСборокТоваров</v8:Type>
					</Type>
				</Properties>
			</Attribute>
			<Attribute uuid="81136e59-6c9d-4481-b5c9-55def321d7b8">
				<InternalInfo/>
				<Properties>
					<ObjectBelonging>Adopted</ObjectBelonging>
					<Name>ХозяйственнаяОперация</Name>
					<Comment/>
					<ExtendedConfigurationObject>1b378b97-d647-4523-9e40-499cc5cb9eee</ExtendedConfigurationObject>
					<Type>
						<v8:Type>cfg:EnumRef.ХозяйственныеОперации</v8:Type>
					</Type>
				</Properties>
			</Attribute>
			<Attribute uuid="19d9e15c-9e6f-4fb4-9420-4c3775b6eaa1">
				<Properties>
					<Name>КоличествоНормоЧасовНаСборку</Name>
					<Synonym>
						<v8:item>
							<v8:lang>ru</v8:lang>
							<v8:content>Количество нормо-часов на сборку (за ед.)</v8:content>
						</v8:item>
					</Synonym>
					<Comment/>
					<Type>
						<v8:Type>xs:decimal</v8:Type>
						<v8:NumberQualifiers>
							<v8:Digits>10</v8:Digits>
							<v8:FractionDigits>2</v8:FractionDigits>
							<v8:AllowedSign>Any</v8:AllowedSign>
						</v8:NumberQualifiers>
					</Type>
					<PasswordMode>false</PasswordMode>
					<Format/>
					<EditFormat/>
					<ToolTip/>
					<MarkNegatives>false</MarkNegatives>
					<Mask/>
					<MultiLine>false</MultiLine>
					<ExtendedEdit>false</ExtendedEdit>
					<MinValue xsi:nil="true"/>
					<MaxValue xsi:nil="true"/>
					<FillFromFillingValue>false</FillFromFillingValue>
					<FillValue xsi:nil="true"/>
					<FillChecking>DontCheck</FillChecking>
					<ChoiceFoldersAndItems>Items</ChoiceFoldersAndItems>
					<ChoiceParameterLinks/>
					<ChoiceParameters/>
					<QuickChoice>Auto</QuickChoice>
					<CreateOnInput>Auto</CreateOnInput>
					<ChoiceForm/>
					<LinkByType/>
					<ChoiceHistoryOnInput>Auto</ChoiceHistoryOnInput>
					<Indexing>DontIndex</Indexing>
					<FullTextSearch>Use</FullTextSearch>
					<DataHistory>Use</DataHistory>
				</Properties>
			</Attribute>
			<Attribute uuid="464e8b54-cacc-499e-ad5b-9c1b7f1b2109">
				<Properties>
					<Name>СтоимостьНормоЧасаНаСборку</Name>
					<Synonym>
						<v8:item>
							<v8:lang>ru</v8:lang>
							<v8:content>Стоимость нормо-часа на сборку (за ед.)</v8:content>
						</v8:item>
					</Synonym>
					<Comment/>
					<Type>
						<v8:Type>xs:decimal</v8:Type>
						<v8:NumberQualifiers>
							<v8:Digits>10</v8:Digits>
							<v8:FractionDigits>2</v8:FractionDigits>
							<v8:AllowedSign>Any</v8:AllowedSign>
						</v8:NumberQualifiers>
					</Type>
					<PasswordMode>false</PasswordMode>
					<Format/>
					<EditFormat/>
					<ToolTip/>
					<MarkNegatives>false</MarkNegatives>
					<Mask/>
					<MultiLine>false</MultiLine>
					<ExtendedEdit>false</ExtendedEdit>
					<MinValue xsi:nil="true"/>
					<MaxValue xsi:nil="true"/>
					<FillFromFillingValue>false</FillFromFillingValue>
					<FillValue xsi:nil="true"/>
					<FillChecking>DontCheck</FillChecking>
					<ChoiceFoldersAndItems>Items</ChoiceFoldersAndItems>
					<ChoiceParameterLinks/>
					<ChoiceParameters/>
					<QuickChoice>Auto</QuickChoice>
					<CreateOnInput>Auto</CreateOnInput>
					<ChoiceForm/>
					<LinkByType/>
					<ChoiceHistoryOnInput>Auto</ChoiceHistoryOnInput>
					<Indexing>DontIndex</Indexing>
					<FullTextSearch>Use</FullTextSearch>
					<DataHistory>Use</DataHistory>
				</Properties>
			</Attribute>
			<Attribute uuid="edc5ce87-ce6d-4f47-ac3a-e9fc50c52d0c">
				<Properties>
					<Name>ПроектРазвития</Name>
					<Synonym>
						<v8:item>
							<v8:lang>ru</v8:lang>
							<v8:content>Проект развития</v8:content>
						</v8:item>
					</Synonym>
					<Comment/>
					<Type>
						<v8:Type>cfg:CatalogRef.ПроектыРазвития</v8:Type>
					</Type>
					<PasswordMode>false</PasswordMode>
					<Format/>
					<EditFormat/>
					<ToolTip/>
					<MarkNegatives>false</MarkNegatives>
					<Mask/>
					<MultiLine>false</MultiLine>
					<ExtendedEdit>false</ExtendedEdit>
					<MinValue xsi:nil="true"/>
					<MaxValue xsi:nil="true"/>
					<FillFromFillingValue>false</FillFromFillingValue>
					<FillValue xsi:nil="true"/>
					<FillChecking>DontCheck</FillChecking>
					<ChoiceFoldersAndItems>Items</ChoiceFoldersAndItems>
					<ChoiceParameterLinks/>
					<ChoiceParameters/>
					<QuickChoice>Auto</QuickChoice>
					<CreateOnInput>Auto</CreateOnInput>
					<ChoiceForm/>
					<LinkByType/>
					<ChoiceHistoryOnInput>Auto</ChoiceHistoryOnInput>
					<Indexing>DontIndex</Indexing>
					<FullTextSearch>Use</FullTextSearch>
					<DataHistory>Use</DataHistory>
				</Properties>
			</Attribute>
			<Attribute uuid="767700a0-12b7-4057-bdaf-1b6f88ea686e">
				<InternalInfo/>
				<Properties>
					<ObjectBelonging>Adopted</ObjectBelonging>
					<Name>ВариантКомплектации</Name>
					<Comment/>
					<ExtendedConfigurationObject>ee6f4ac0-3f39-4cd9-afb6-ffaa044566fe</ExtendedConfigurationObject>
					<Type>
						<v8:Type>cfg:CatalogRef.ВариантыКомплектацииНоменклатуры</v8:Type>
					</Type>
				</Properties>
			</Attribute>
			<Form>ФормаДокумента</Form>
			<TabularSection uuid="fca84cc0-5b41-48d5-accf-83eb83491b36">
				<InternalInfo>
					<xr:GeneratedType name="DocumentTabularSection.СборкаТоваров.ГОЗ" category="TabularSection">
						<xr:TypeId>67511a7c-729e-41a5-b151-d9d24c8ade3b</xr:TypeId>
						<xr:ValueId>b239e40c-3dc9-4111-bc89-4aabc5e2e16f</xr:ValueId>
					</xr:GeneratedType>
					<xr:GeneratedType name="DocumentTabularSectionRow.СборкаТоваров.ГОЗ" category="TabularSectionRow">
						<xr:TypeId>eb8e51c1-8bdf-410a-a696-cc5be5fc1d2c</xr:TypeId>
						<xr:ValueId>a22f5bc9-869b-4ac8-a961-8078e13188a7</xr:ValueId>
					</xr:GeneratedType>
				</InternalInfo>
				<Properties>
					<Name>ГОЗ</Name>
					<Synonym>
						<v8:item>
							<v8:lang>ru</v8:lang>
							<v8:content>ГОЗ</v8:content>
						</v8:item>
					</Synonym>
					<Comment/>
					<ToolTip/>
					<FillChecking>DontCheck</FillChecking>
					<StandardAttributes>
						<xr:StandardAttribute name="LineNumber">
							<xr:LinkByType/>
							<xr:FillChecking>DontCheck</xr:FillChecking>
							<xr:MultiLine>false</xr:MultiLine>
							<xr:FillFromFillingValue>false</xr:FillFromFillingValue>
							<xr:CreateOnInput>Auto</xr:CreateOnInput>
							<xr:TypeReductionMode>TransformValues</xr:TypeReductionMode>
							<xr:MaxValue xsi:nil="true"/>
							<xr:ToolTip/>
							<xr:ExtendedEdit>false</xr:ExtendedEdit>
							<xr:Format/>
							<xr:ChoiceForm/>
							<xr:QuickChoice>Auto</xr:QuickChoice>
							<xr:ChoiceHistoryOnInput>Auto</xr:ChoiceHistoryOnInput>
							<xr:EditFormat/>
							<xr:PasswordMode>false</xr:PasswordMode>
							<xr:DataHistory>Use</xr:DataHistory>
							<xr:MarkNegatives>false</xr:MarkNegatives>
							<xr:MinValue xsi:nil="true"/>
							<xr:Synonym/>
							<xr:Comment/>
							<xr:FullTextSearch>Use</xr:FullTextSearch>
							<xr:ChoiceParameterLinks/>
							<xr:FillValue xsi:nil="true"/>
							<xr:Mask/>
							<xr:ChoiceParameters/>
						</xr:StandardAttribute>
					</StandardAttributes>
					<LineNumberLength>5</LineNumberLength>
				</Properties>
				<ChildObjects>
					<Attribute uuid="f9af6f67-5bc7-4360-ab34-4e8dfd103616">
						<Properties>
							<Name>СтатьиРасходовГоз</Name>
							<Synonym>
								<v8:item>
									<v8:lang>ru</v8:lang>
									<v8:content>Статьи расходов гоз</v8:content>
								</v8:item>
							</Synonym>
							<Comment/>
							<Type>
								<v8:Type>cfg:ChartOfCharacteristicTypesRef.СтатьиРасходов</v8:Type>
							</Type>
							<PasswordMode>false</PasswordMode>
							<Format/>
							<EditFormat/>
							<ToolTip/>
							<MarkNegatives>false</MarkNegatives>
							<Mask/>
							<MultiLine>false</MultiLine>
							<ExtendedEdit>false</ExtendedEdit>
							<MinValue xsi:nil="true"/>
							<MaxValue xsi:nil="true"/>
							<FillChecking>DontCheck</FillChecking>
							<ChoiceFoldersAndItems>Items</ChoiceFoldersAndItems>
							<ChoiceParameterLinks/>
							<ChoiceParameters/>
							<QuickChoice>Auto</QuickChoice>
							<CreateOnInput>Auto</CreateOnInput>
							<ChoiceForm/>
							<LinkByType/>
							<ChoiceHistoryOnInput>Auto</ChoiceHistoryOnInput>
							<Indexing>DontIndex</Indexing>
							<FullTextSearch>Use</FullTextSearch>
							<DataHistory>Use</DataHistory>
						</Properties>
					</Attribute>
					<Attribute uuid="b62773a0-6672-463a-a485-26bc8dc666a1">
						<Properties>
							<Name>Сумма</Name>
							<Synonym>
								<v8:item>
									<v8:lang>ru</v8:lang>
									<v8:content>Сумма</v8:content>
								</v8:item>
							</Synonym>
							<Comment/>
							<Type>
								<v8:Type>xs:decimal</v8:Type>
								<v8:NumberQualifiers>
									<v8:Digits>15</v8:Digits>
									<v8:FractionDigits>2</v8:FractionDigits>
									<v8:AllowedSign>Any</v8:AllowedSign>
								</v8:NumberQualifiers>
							</Type>
							<PasswordMode>false</PasswordMode>
							<Format/>
							<EditFormat/>
							<ToolTip/>
							<MarkNegatives>false</MarkNegatives>
							<Mask/>
							<MultiLine>false</MultiLine>
							<ExtendedEdit>false</ExtendedEdit>
							<MinValue xsi:nil="true"/>
							<MaxValue xsi:nil="true"/>
							<FillChecking>DontCheck</FillChecking>
							<ChoiceFoldersAndItems>Items</ChoiceFoldersAndItems>
							<ChoiceParameterLinks/>
							<ChoiceParameters/>
							<QuickChoice>Auto</QuickChoice>
							<CreateOnInput>Auto</CreateOnInput>
							<ChoiceForm/>
							<LinkByType/>
							<ChoiceHistoryOnInput>Auto</ChoiceHistoryOnInput>
							<Indexing>DontIndex</Indexing>
							<FullTextSearch>Use</FullTextSearch>
							<DataHistory>Use</DataHistory>
						</Properties>
					</Attribute>
				</ChildObjects>
			</TabularSection>
			<TabularSection uuid="494f1050-10fb-49e5-bd59-135069239324">
				<InternalInfo>
					<xr:GeneratedType name="DocumentTabularSection.СборкаТоваров.Товары" category="TabularSection">
						<xr:TypeId>3ee35a80-1b89-407c-94cf-422bb9ea34c5</xr:TypeId>
						<xr:ValueId>86f1589e-4b84-4f67-8f73-7deadb9df9a6</xr:ValueId>
					</xr:GeneratedType>
					<xr:GeneratedType name="DocumentTabularSectionRow.СборкаТоваров.Товары" category="TabularSectionRow">
						<xr:TypeId>48e3d0da-69fb-47d8-8304-8ebf2bf64d02</xr:TypeId>
						<xr:ValueId>a183f51a-dc92-4ca6-a0fd-34d14b34b1d2</xr:ValueId>
					</xr:GeneratedType>
				</InternalInfo>
				<Properties>
					<ObjectBelonging>Adopted</ObjectBelonging>
					<Name>Товары</Name>
					<Comment/>
					<ExtendedConfigurationObject>52b01363-8774-4cb2-a192-b4017c48be6b</ExtendedConfigurationObject>
				</Properties>
				<ChildObjects>
					<Attribute uuid="b4e3a8e1-b595-4eab-a8ea-c90e08211acc">
						<InternalInfo/>
						<Properties>
							<ObjectBelonging>Adopted</ObjectBelonging>
							<Name>Номенклатура</Name>
							<Comment/>
							<ExtendedConfigurationObject>75714917-2443-4e00-97e3-3f32e5c1c870</ExtendedConfigurationObject>
							<Type>
								<v8:Type>cfg:CatalogRef.Номенклатура</v8:Type>
							</Type>
						</Properties>
					</Attribute>
					<Attribute uuid="b73a1056-1db2-40a2-bcf7-3aadee82ff3d">
						<InternalInfo/>
						<Properties>
							<ObjectBelonging>Adopted</ObjectBelonging>
							<Name>Характеристика</Name>
							<Comment/>
							<ExtendedConfigurationObject>205a5d62-e0bd-4d13-ac4b-344c70e51e4e</ExtendedConfigurationObject>
							<Type>
								<v8:Type>cfg:CatalogRef.ХарактеристикиНоменклатуры</v8:Type>
							</Type>
						</Properties>
					</Attribute>
					<Attribute uuid="488cc02b-17b5-4df4-9395-634abc9e070f">
						<InternalInfo/>
						<Properties>
							<ObjectBelonging>Adopted</ObjectBelonging>
							<Name>Назначение</Name>
							<Comment/>
							<ExtendedConfigurationObject>a25e3b0c-2647-4c12-aa53-991fe77955a6</ExtendedConfigurationObject>
							<Type>
								<v8:Type>cfg:CatalogRef.Назначения</v8:Type>
							</Type>
						</Properties>
					</Attribute>
					<Attribute uuid="b263b230-9520-4cfb-900e-b76a6a7bce49">
						<InternalInfo/>
						<Properties>
							<ObjectBelonging>Adopted</ObjectBelonging>
							<Name>Упаковка</Name>
							<Comment/>
							<ExtendedConfigurationObject>173cb865-b4b1-4057-9b23-0a67452e9528</ExtendedConfigurationObject>
							<Type>
								<v8:Type>cfg:CatalogRef.УпаковкиЕдиницыИзмерения</v8:Type>
							</Type>
						</Properties>
					</Attribute>
					<Attribute uuid="18a121ca-e41e-4922-aa34-ac50241fa8de">
						<InternalInfo/>
						<Properties>
							<ObjectBelonging>Adopted</ObjectBelonging>
							<Name>КоличествоУпаковок</Name>
							<Comment/>
							<ExtendedConfigurationObject>1d46cbbe-be1a-4196-b458-51037d7f1552</ExtendedConfigurationObject>
							<Type>
								<v8:Type>xs:decimal</v8:Type>
								<v8:NumberQualifiers>
									<v8:Digits>15</v8:Digits>
									<v8:FractionDigits>3</v8:FractionDigits>
									<v8:AllowedSign>Nonnegative</v8:AllowedSign>
								</v8:NumberQualifiers>
							</Type>
						</Properties>
					</Attribute>
					<Attribute uuid="72262aba-706a-4614-b930-df5cfa86e4c5">
						<InternalInfo/>
						<Properties>
							<ObjectBelonging>Adopted</ObjectBelonging>
							<Name>Количество</Name>
							<Comment/>
							<ExtendedConfigurationObject>189ed9ee-bcac-4a26-bd80-eab154590830</ExtendedConfigurationObject>
							<Type>
								<v8:Type>xs:decimal</v8:Type>
								<v8:NumberQualifiers>
									<v8:Digits>15</v8:Digits>
									<v8:FractionDigits>3</v8:FractionDigits>
									<v8:AllowedSign>Nonnegative</v8:AllowedSign>
								</v8:NumberQualifiers>
							</Type>
						</Properties>
					</Attribute>
					<Attribute uuid="b0ff0a0a-a2ee-47ec-bfea-d6685c842725">
						<InternalInfo/>
						<Properties>
							<ObjectBelonging>Adopted</ObjectBelonging>
							<Name>ДоляСтоимости</Name>
							<Comment/>
							<ExtendedConfigurationObject>b8557420-3eb9-4319-b879-086b506b92c1</ExtendedConfigurationObject>
							<Type>
								<v8:Type>xs:decimal</v8:Type>
								<v8:NumberQualifiers>
									<v8:Digits>10</v8:Digits>
									<v8:FractionDigits>0</v8:FractionDigits>
									<v8:AllowedSign>Nonnegative</v8:AllowedSign>
								</v8:NumberQualifiers>
							</Type>
						</Properties>
					</Attribute>
					<Attribute uuid="3ecd2e76-4b5f-41d1-ac64-0a24df35d8b2">
						<InternalInfo/>
						<Properties>
							<ObjectBelonging>Adopted</ObjectBelonging>
							<Name>КодСтроки</Name>
							<Comment/>
							<ExtendedConfigurationObject>7b7faa90-f406-40f9-aae7-287a64234bf7</ExtendedConfigurationObject>
							<Type>
								<v8:Type>xs:decimal</v8:Type>
								<v8:NumberQualifiers>
									<v8:Digits>10</v8:Digits>
									<v8:FractionDigits>0</v8:FractionDigits>
									<v8:AllowedSign>Any</v8:AllowedSign>
								</v8:NumberQualifiers>
							</Type>
						</Properties>
					</Attribute>
					<Attribute uuid="bc55813a-1c6d-4673-be5b-40a3124c8f57">
						<InternalInfo/>
						<Properties>
							<ObjectBelonging>Adopted</ObjectBelonging>
							<Name>СтатусУказанияСерий</Name>
							<Comment/>
							<ExtendedConfigurationObject>d08b2132-bc78-45e1-bd1a-275ae1675ac9</ExtendedConfigurationObject>
							<Type>
								<v8:Type>xs:decimal</v8:Type>
								<v8:NumberQualifiers>
									<v8:Digits>2</v8:Digits>
									<v8:FractionDigits>0</v8:FractionDigits>
									<v8:AllowedSign>Nonnegative</v8:AllowedSign>
								</v8:NumberQualifiers>
							</Type>
						</Properties>
					</Attribute>
					<Attribute uuid="c55f16fa-69e5-4932-848c-ffc6defa9611">
						<InternalInfo/>
						<Properties>
							<ObjectBelonging>Adopted</ObjectBelonging>
							<Name>Серия</Name>
							<Comment/>
							<ExtendedConfigurationObject>131bcf48-82b5-4e46-a42a-d7ef41bc417a</ExtendedConfigurationObject>
							<Type>
								<v8:Type>cfg:CatalogRef.СерииНоменклатуры</v8:Type>
							</Type>
						</Properties>
					</Attribute>
					<Attribute uuid="d5d76e1e-12f9-4f48-9baf-4efba5fd603f">
						<InternalInfo/>
						<Properties>
							<ObjectBelonging>Adopted</ObjectBelonging>
							<Name>АналитикаУчетаНоменклатуры</Name>
							<Comment/>
							<ExtendedConfigurationObject>55930922-cabf-4c84-b3d5-63ce57042484</ExtendedConfigurationObject>
							<Type>
								<v8:Type>cfg:CatalogRef.КлючиАналитикиУчетаНоменклатуры</v8:Type>
							</Type>
						</Properties>
					</Attribute>
					<Attribute uuid="630066d4-79bd-4652-be10-47e59b2ac3b6">
						<InternalInfo/>
						<Properties>
							<ObjectBelonging>Adopted</ObjectBelonging>
							<Name>ИдентификаторСтроки</Name>
							<Comment/>
							<ExtendedConfigurationObject>b96dc5d5-30ae-41e0-b0a6-946b03ec4b15</ExtendedConfigurationObject>
							<Type>
								<v8:Type>xs:string</v8:Type>
								<v8:StringQualifiers>
									<v8:Length>36</v8:Length>
									<v8:AllowedLength>Variable</v8:AllowedLength>
								</v8:StringQualifiers>
							</Type>
						</Properties>
					</Attribute>
				</ChildObjects>
			</TabularSection>
		</ChildObjects>
	</Document>
</MetaDataObject>