﻿<?xml version="1.0" encoding="UTF-8"?>
<MetaDataObject xmlns="http://v8.1c.ru/8.3/MDClasses" xmlns:app="http://v8.1c.ru/8.2/managed-application/core" xmlns:cfg="http://v8.1c.ru/8.1/data/enterprise/current-config" xmlns:cmi="http://v8.1c.ru/8.2/managed-application/cmi" xmlns:ent="http://v8.1c.ru/8.1/data/enterprise" xmlns:lf="http://v8.1c.ru/8.2/managed-application/logform" xmlns:style="http://v8.1c.ru/8.1/data/ui/style" xmlns:sys="http://v8.1c.ru/8.1/data/ui/fonts/system" xmlns:v8="http://v8.1c.ru/8.1/data/core" xmlns:v8ui="http://v8.1c.ru/8.1/data/ui" xmlns:web="http://v8.1c.ru/8.1/data/ui/colors/web" xmlns:win="http://v8.1c.ru/8.1/data/ui/colors/windows" xmlns:xen="http://v8.1c.ru/8.3/xcf/enums" xmlns:xpr="http://v8.1c.ru/8.3/xcf/predef" xmlns:xr="http://v8.1c.ru/8.3/xcf/readable" xmlns:xs="http://www.w3.org/2001/XMLSchema" xmlns:xsi="http://www.w3.org/2001/XMLSchema-instance" version="2.20">
	<Document uuid="600e5914-5e28-42eb-86f0-c0a68208c027">
		<InternalInfo>
			<xr:GeneratedType name="DocumentObject.ПеремещениеТоваров" category="Object">
				<xr:TypeId>2ac5e75a-8d68-4a7e-92ff-8ff944771f32</xr:TypeId>
				<xr:ValueId>cfc8ae46-aab3-4fa7-be62-be3cc52b9f07</xr:ValueId>
			</xr:GeneratedType>
			<xr:GeneratedType name="DocumentRef.ПеремещениеТоваров" category="Ref">
				<xr:TypeId>cac08a78-6dd4-4f01-9d3c-20dc59e61cc8</xr:TypeId>
				<xr:ValueId>4b1519a1-088e-4fe0-9ff2-0fc627bb2e55</xr:ValueId>
			</xr:GeneratedType>
			<xr:GeneratedType name="DocumentSelection.ПеремещениеТоваров" category="Selection">
				<xr:TypeId>912fc3b4-31c1-4a9e-a0fe-00f2d64efd98</xr:TypeId>
				<xr:ValueId>3b640fa1-aed9-49c6-ba03-47611e0e3bb7</xr:ValueId>
			</xr:GeneratedType>
			<xr:GeneratedType name="DocumentList.ПеремещениеТоваров" category="List">
				<xr:TypeId>06847a94-2f84-4048-b3e8-21aa32fcc01d</xr:TypeId>
				<xr:ValueId>0825879e-c904-4416-ad56-d90b67f2e18a</xr:ValueId>
			</xr:GeneratedType>
			<xr:GeneratedType name="DocumentManager.ПеремещениеТоваров" category="Manager">
				<xr:TypeId>95592bb1-c946-474e-83e7-85d3db982581</xr:TypeId>
				<xr:ValueId>720fdaf9-43de-4cf0-b876-7a334f4d8d29</xr:ValueId>
			</xr:GeneratedType>
			<xr:PropertyState>
				<xr:Property>ObjectModule</xr:Property>
				<xr:State>Extended</xr:State>
			</xr:PropertyState>
		</InternalInfo>
		<Properties>
			<ObjectBelonging>Adopted</ObjectBelonging>
			<Name>ПеремещениеТоваров</Name>
			<Comment/>
			<ExtendedConfigurationObject>050b09a5-e36c-42b6-b337-cdddd2968bea</ExtendedConfigurationObject>
			<RegisterRecords>
				<xr:Item xsi:type="xr:MDObjectRef">AccumulationRegister.УчетШтрихКодов</xr:Item>
			</RegisterRecords>
		</Properties>
		<ChildObjects>
			<Attribute uuid="c3727259-92eb-4f1d-8584-891cbd9fad07">
				<Properties>
					<Name>ГозКонтракт</Name>
					<Synonym>
						<v8:item>
							<v8:lang>ru</v8:lang>
							<v8:content>ГОЗ контракт</v8:content>
						</v8:item>
					</Synonym>
					<Comment/>
					<Type>
						<v8:Type>cfg:DocumentRef.КонтрактыГОЗ</v8:Type>
					</Type>
					<PasswordMode>false</PasswordMode>
					<Format/>
					<EditFormat/>
					<ToolTip/>
					<MarkNegatives>false</MarkNegatives>
					<Mask/>
					<MultiLine>false</MultiLine>
					<ExtendedEdit>false</ExtendedEdit>
					<MinValue xsi:nil="true"/>
					<MaxValue xsi:nil="true"/>
					<FillFromFillingValue>false</FillFromFillingValue>
					<FillValue xsi:nil="true"/>
					<FillChecking>DontCheck</FillChecking>
					<ChoiceFoldersAndItems>Items</ChoiceFoldersAndItems>
					<ChoiceParameterLinks/>
					<ChoiceParameters/>
					<QuickChoice>Auto</QuickChoice>
					<CreateOnInput>Auto</CreateOnInput>
					<ChoiceForm/>
					<LinkByType/>
					<ChoiceHistoryOnInput>Auto</ChoiceHistoryOnInput>
					<Indexing>DontIndex</Indexing>
					<FullTextSearch>Use</FullTextSearch>
					<DataHistory>Use</DataHistory>
				</Properties>
			</Attribute>
			<Attribute uuid="0ddd75fd-02b7-4691-ac79-6e1e4746ddee">
				<Properties>
					<Name>ДокументПоступления</Name>
					<Synonym>
						<v8:item>
							<v8:lang>ru</v8:lang>
							<v8:content>Документ поступления</v8:content>
						</v8:item>
					</Synonym>
					<Comment/>
					<Type>
						<v8:Type>cfg:DocumentRef.ПриобретениеТоваровУслуг</v8:Type>
					</Type>
					<PasswordMode>false</PasswordMode>
					<Format/>
					<EditFormat/>
					<ToolTip/>
					<MarkNegatives>false</MarkNegatives>
					<Mask/>
					<MultiLine>false</MultiLine>
					<ExtendedEdit>false</ExtendedEdit>
					<MinValue xsi:nil="true"/>
					<MaxValue xsi:nil="true"/>
					<FillFromFillingValue>false</FillFromFillingValue>
					<FillValue xsi:nil="true"/>
					<FillChecking>DontCheck</FillChecking>
					<ChoiceFoldersAndItems>Items</ChoiceFoldersAndItems>
					<ChoiceParameterLinks/>
					<ChoiceParameters/>
					<QuickChoice>Auto</QuickChoice>
					<CreateOnInput>Auto</CreateOnInput>
					<ChoiceForm/>
					<LinkByType/>
					<ChoiceHistoryOnInput>Auto</ChoiceHistoryOnInput>
					<Indexing>DontIndex</Indexing>
					<FullTextSearch>Use</FullTextSearch>
					<DataHistory>Use</DataHistory>
				</Properties>
			</Attribute>
			<Attribute uuid="caa8e324-0e84-428e-8199-775408f54490">
				<Properties>
					<Name>ПечатьСерийныхНомеровИзПула</Name>
					<Synonym>
						<v8:item>
							<v8:lang>ru</v8:lang>
							<v8:content>Печать серийных номеров из пула</v8:content>
						</v8:item>
					</Synonym>
					<Comment/>
					<Type>
						<v8:Type>xs:boolean</v8:Type>
					</Type>
					<PasswordMode>false</PasswordMode>
					<Format/>
					<EditFormat/>
					<ToolTip/>
					<MarkNegatives>false</MarkNegatives>
					<Mask/>
					<MultiLine>false</MultiLine>
					<ExtendedEdit>false</ExtendedEdit>
					<MinValue xsi:nil="true"/>
					<MaxValue xsi:nil="true"/>
					<FillFromFillingValue>false</FillFromFillingValue>
					<FillValue xsi:nil="true"/>
					<FillChecking>DontCheck</FillChecking>
					<ChoiceFoldersAndItems>Items</ChoiceFoldersAndItems>
					<ChoiceParameterLinks/>
					<ChoiceParameters/>
					<QuickChoice>Auto</QuickChoice>
					<CreateOnInput>Auto</CreateOnInput>
					<ChoiceForm/>
					<LinkByType/>
					<ChoiceHistoryOnInput>Auto</ChoiceHistoryOnInput>
					<Indexing>DontIndex</Indexing>
					<FullTextSearch>Use</FullTextSearch>
					<DataHistory>Use</DataHistory>
				</Properties>
			</Attribute>
			<Attribute uuid="a5463582-e721-4128-b2d0-1ed735ef618b">
				<Properties>
					<Name>НеЗаписыватьСебестИТовОрг</Name>
					<Synonym>
						<v8:item>
							<v8:lang>ru</v8:lang>
							<v8:content>Не записывать себест и тов орг</v8:content>
						</v8:item>
					</Synonym>
					<Comment/>
					<Type>
						<v8:Type>xs:boolean</v8:Type>
					</Type>
					<PasswordMode>false</PasswordMode>
					<Format/>
					<EditFormat/>
					<ToolTip/>
					<MarkNegatives>false</MarkNegatives>
					<Mask/>
					<MultiLine>false</MultiLine>
					<ExtendedEdit>false</ExtendedEdit>
					<MinValue xsi:nil="true"/>
					<MaxValue xsi:nil="true"/>
					<FillFromFillingValue>false</FillFromFillingValue>
					<FillValue xsi:nil="true"/>
					<FillChecking>DontCheck</FillChecking>
					<ChoiceFoldersAndItems>Items</ChoiceFoldersAndItems>
					<ChoiceParameterLinks/>
					<ChoiceParameters/>
					<QuickChoice>Auto</QuickChoice>
					<CreateOnInput>Auto</CreateOnInput>
					<ChoiceForm/>
					<LinkByType/>
					<ChoiceHistoryOnInput>Auto</ChoiceHistoryOnInput>
					<Indexing>DontIndex</Indexing>
					<FullTextSearch>Use</FullTextSearch>
					<DataHistory>Use</DataHistory>
				</Properties>
			</Attribute>
			<Attribute uuid="675ebfb2-49f1-4549-b962-56b80cc89f2f">
				<Properties>
					<Name>НеВыгружатьВБП</Name>
					<Synonym>
						<v8:item>
							<v8:lang>ru</v8:lang>
							<v8:content>Не выгружать в БП</v8:content>
						</v8:item>
					</Synonym>
					<Comment/>
					<Type>
						<v8:Type>xs:boolean</v8:Type>
					</Type>
					<PasswordMode>false</PasswordMode>
					<Format/>
					<EditFormat/>
					<ToolTip/>
					<MarkNegatives>false</MarkNegatives>
					<Mask/>
					<MultiLine>false</MultiLine>
					<ExtendedEdit>false</ExtendedEdit>
					<MinValue xsi:nil="true"/>
					<MaxValue xsi:nil="true"/>
					<FillFromFillingValue>false</FillFromFillingValue>
					<FillValue xsi:nil="true"/>
					<FillChecking>DontCheck</FillChecking>
					<ChoiceFoldersAndItems>Items</ChoiceFoldersAndItems>
					<ChoiceParameterLinks/>
					<ChoiceParameters/>
					<QuickChoice>Auto</QuickChoice>
					<CreateOnInput>Auto</CreateOnInput>
					<ChoiceForm/>
					<LinkByType/>
					<ChoiceHistoryOnInput>Auto</ChoiceHistoryOnInput>
					<Indexing>DontIndex</Indexing>
					<FullTextSearch>Use</FullTextSearch>
					<DataHistory>Use</DataHistory>
				</Properties>
			</Attribute>
			<Attribute uuid="970f7f8c-4205-4e13-a068-eea9f3427114">
				<Properties>
					<Name>НоменклатураСканирования</Name>
					<Synonym>
						<v8:item>
							<v8:lang>ru</v8:lang>
							<v8:content>Номенклатура сканирования</v8:content>
						</v8:item>
					</Synonym>
					<Comment/>
					<Type>
						<v8:Type>cfg:CatalogRef.Номенклатура</v8:Type>
					</Type>
					<PasswordMode>false</PasswordMode>
					<Format/>
					<EditFormat/>
					<ToolTip/>
					<MarkNegatives>false</MarkNegatives>
					<Mask/>
					<MultiLine>false</MultiLine>
					<ExtendedEdit>false</ExtendedEdit>
					<MinValue xsi:nil="true"/>
					<MaxValue xsi:nil="true"/>
					<FillFromFillingValue>false</FillFromFillingValue>
					<FillValue xsi:nil="true"/>
					<FillChecking>DontCheck</FillChecking>
					<ChoiceFoldersAndItems>Items</ChoiceFoldersAndItems>
					<ChoiceParameterLinks/>
					<ChoiceParameters/>
					<QuickChoice>Auto</QuickChoice>
					<CreateOnInput>Auto</CreateOnInput>
					<ChoiceForm/>
					<LinkByType/>
					<ChoiceHistoryOnInput>Auto</ChoiceHistoryOnInput>
					<Indexing>DontIndex</Indexing>
					<FullTextSearch>Use</FullTextSearch>
					<DataHistory>Use</DataHistory>
				</Properties>
			</Attribute>
			<Form>ФормаДокумента</Form>
			<TabularSection uuid="0147a2c7-6d03-4ef5-9c29-a0e6bfeca23b">
				<InternalInfo>
					<xr:GeneratedType name="DocumentTabularSection.ПеремещениеТоваров.Товары" category="TabularSection">
						<xr:TypeId>1a91332d-8878-48dc-8b2d-531d4a82ae31</xr:TypeId>
						<xr:ValueId>3cc8e90d-a61e-4547-9f71-d0632d6d2a88</xr:ValueId>
					</xr:GeneratedType>
					<xr:GeneratedType name="DocumentTabularSectionRow.ПеремещениеТоваров.Товары" category="TabularSectionRow">
						<xr:TypeId>a3bb39bd-8421-4227-a26f-3ca486402340</xr:TypeId>
						<xr:ValueId>54dfdb2b-7d66-47eb-a1eb-d1146f9bdf14</xr:ValueId>
					</xr:GeneratedType>
				</InternalInfo>
				<Properties>
					<ObjectBelonging>Adopted</ObjectBelonging>
					<Name>Товары</Name>
					<Comment/>
					<ExtendedConfigurationObject>ec1f4519-6787-456f-8137-6e0249afc4c8</ExtendedConfigurationObject>
				</Properties>
				<ChildObjects>
					<Attribute uuid="8b1cfc9c-9410-4142-b5ac-1497b3e0cb38">
						<Properties>
							<Name>НеВыгружатьВБП</Name>
							<Synonym>
								<v8:item>
									<v8:lang>ru</v8:lang>
									<v8:content>Не выгружать В БП</v8:content>
								</v8:item>
							</Synonym>
							<Comment/>
							<Type>
								<v8:Type>xs:boolean</v8:Type>
							</Type>
							<PasswordMode>false</PasswordMode>
							<Format/>
							<EditFormat/>
							<ToolTip/>
							<MarkNegatives>false</MarkNegatives>
							<Mask/>
							<MultiLine>false</MultiLine>
							<ExtendedEdit>false</ExtendedEdit>
							<MinValue xsi:nil="true"/>
							<MaxValue xsi:nil="true"/>
							<FillChecking>DontCheck</FillChecking>
							<ChoiceFoldersAndItems>Items</ChoiceFoldersAndItems>
							<ChoiceParameterLinks/>
							<ChoiceParameters/>
							<QuickChoice>Auto</QuickChoice>
							<CreateOnInput>Auto</CreateOnInput>
							<ChoiceForm/>
							<LinkByType/>
							<ChoiceHistoryOnInput>Auto</ChoiceHistoryOnInput>
							<Indexing>DontIndex</Indexing>
							<FullTextSearch>Use</FullTextSearch>
							<DataHistory>Use</DataHistory>
						</Properties>
					</Attribute>
				</ChildObjects>
			</TabularSection>
		</ChildObjects>
	</Document>
</MetaDataObject>