﻿<?xml version="1.0" encoding="UTF-8"?>
<MetaDataObject xmlns="http://v8.1c.ru/8.3/MDClasses" xmlns:app="http://v8.1c.ru/8.2/managed-application/core" xmlns:cfg="http://v8.1c.ru/8.1/data/enterprise/current-config" xmlns:cmi="http://v8.1c.ru/8.2/managed-application/cmi" xmlns:ent="http://v8.1c.ru/8.1/data/enterprise" xmlns:lf="http://v8.1c.ru/8.2/managed-application/logform" xmlns:style="http://v8.1c.ru/8.1/data/ui/style" xmlns:sys="http://v8.1c.ru/8.1/data/ui/fonts/system" xmlns:v8="http://v8.1c.ru/8.1/data/core" xmlns:v8ui="http://v8.1c.ru/8.1/data/ui" xmlns:web="http://v8.1c.ru/8.1/data/ui/colors/web" xmlns:win="http://v8.1c.ru/8.1/data/ui/colors/windows" xmlns:xen="http://v8.1c.ru/8.3/xcf/enums" xmlns:xpr="http://v8.1c.ru/8.3/xcf/predef" xmlns:xr="http://v8.1c.ru/8.3/xcf/readable" xmlns:xs="http://www.w3.org/2001/XMLSchema" xmlns:xsi="http://www.w3.org/2001/XMLSchema-instance" version="2.20">
	<Document uuid="a74d163d-95e7-4e92-b6d3-8b0ab186b451">
		<InternalInfo>
			<xr:GeneratedType name="DocumentObject.ПриобретениеУслугПрочихАктивов" category="Object">
				<xr:TypeId>6a786e97-c31b-4c26-8901-fcdaac909d93</xr:TypeId>
				<xr:ValueId>19efbcd8-9005-42c4-bf46-3300b4ede37b</xr:ValueId>
			</xr:GeneratedType>
			<xr:GeneratedType name="DocumentRef.ПриобретениеУслугПрочихАктивов" category="Ref">
				<xr:TypeId>e6533989-97fa-4d5d-b5bd-85e0bae0aec4</xr:TypeId>
				<xr:ValueId>c2d2f015-021d-476a-97f3-7ebb5873c619</xr:ValueId>
			</xr:GeneratedType>
			<xr:GeneratedType name="DocumentSelection.ПриобретениеУслугПрочихАктивов" category="Selection">
				<xr:TypeId>67662233-4ba2-4983-8418-39f0c23a7978</xr:TypeId>
				<xr:ValueId>1038528e-c9ec-489e-b15b-645adc935ccf</xr:ValueId>
			</xr:GeneratedType>
			<xr:GeneratedType name="DocumentList.ПриобретениеУслугПрочихАктивов" category="List">
				<xr:TypeId>8135e08b-6441-4298-879f-8349f0cd0ef9</xr:TypeId>
				<xr:ValueId>fceb80c0-53eb-4ec3-9a54-e427d6a26897</xr:ValueId>
			</xr:GeneratedType>
			<xr:GeneratedType name="DocumentManager.ПриобретениеУслугПрочихАктивов" category="Manager">
				<xr:TypeId>640a3d3f-036f-461e-a623-024cd2a4f6b4</xr:TypeId>
				<xr:ValueId>a92dd6ef-ee11-44a1-b3e8-150e8c3566e3</xr:ValueId>
			</xr:GeneratedType>
		</InternalInfo>
		<Properties>
			<ObjectBelonging>Adopted</ObjectBelonging>
			<Name>ПриобретениеУслугПрочихАктивов</Name>
			<Comment/>
			<ExtendedConfigurationObject>0026ae83-2895-428e-ac15-82af36e86bb9</ExtendedConfigurationObject>
			<RegisterRecords/>
		</Properties>
		<ChildObjects>
			<Attribute uuid="8d31e6a1-7d31-4fd7-9f59-9ed579123ac8">
				<Properties>
					<Name>ГозКонтракт</Name>
					<Synonym>
						<v8:item>
							<v8:lang>ru</v8:lang>
							<v8:content>ГОЗ контракт</v8:content>
						</v8:item>
					</Synonym>
					<Comment/>
					<Type>
						<v8:Type>cfg:DocumentRef.КонтрактыГОЗ</v8:Type>
					</Type>
					<PasswordMode>false</PasswordMode>
					<Format/>
					<EditFormat/>
					<ToolTip/>
					<MarkNegatives>false</MarkNegatives>
					<Mask/>
					<MultiLine>false</MultiLine>
					<ExtendedEdit>false</ExtendedEdit>
					<MinValue xsi:nil="true"/>
					<MaxValue xsi:nil="true"/>
					<FillFromFillingValue>false</FillFromFillingValue>
					<FillValue xsi:nil="true"/>
					<FillChecking>DontCheck</FillChecking>
					<ChoiceFoldersAndItems>Items</ChoiceFoldersAndItems>
					<ChoiceParameterLinks/>
					<ChoiceParameters/>
					<QuickChoice>Auto</QuickChoice>
					<CreateOnInput>Auto</CreateOnInput>
					<ChoiceForm/>
					<LinkByType/>
					<ChoiceHistoryOnInput>Auto</ChoiceHistoryOnInput>
					<Indexing>DontIndex</Indexing>
					<FullTextSearch>Use</FullTextSearch>
					<DataHistory>Use</DataHistory>
				</Properties>
			</Attribute>
			<Attribute uuid="338d8af0-251b-4fed-a942-11851c325f8d">
				<InternalInfo/>
				<Properties>
					<ObjectBelonging>Adopted</ObjectBelonging>
					<Name>СуммаДокумента</Name>
					<Comment/>
					<ExtendedConfigurationObject>d00b8315-1114-493a-b5bd-6c10509dae59</ExtendedConfigurationObject>
					<Type>
						<v8:TypeSet>cfg:DefinedType.ДенежнаяСуммаЛюбогоЗнака</v8:TypeSet>
					</Type>
				</Properties>
			</Attribute>
			<Attribute uuid="7044ea9a-c8e5-4c53-a847-ca1935d6c474">
				<InternalInfo/>
				<Properties>
					<ObjectBelonging>Adopted</ObjectBelonging>
					<Name>Контрагент</Name>
					<Comment/>
					<ExtendedConfigurationObject>801a1349-a095-4ff0-bd06-515f409dfaf9</ExtendedConfigurationObject>
					<Type>
						<v8:Type>cfg:CatalogRef.Контрагенты</v8:Type>
					</Type>
				</Properties>
			</Attribute>
			<Attribute uuid="60eb898e-876f-4342-b604-78058ae53b23">
				<Properties>
					<Name>Buro1Goz_ЗаказПоставщику</Name>
					<Synonym>
						<v8:item>
							<v8:lang>ru</v8:lang>
							<v8:content>Заказ поставщику</v8:content>
						</v8:item>
					</Synonym>
					<Comment/>
					<Type>
						<v8:Type>cfg:DocumentRef.ЗаказПоставщику</v8:Type>
					</Type>
					<PasswordMode>false</PasswordMode>
					<Format/>
					<EditFormat/>
					<ToolTip/>
					<MarkNegatives>false</MarkNegatives>
					<Mask/>
					<MultiLine>false</MultiLine>
					<ExtendedEdit>false</ExtendedEdit>
					<MinValue xsi:nil="true"/>
					<MaxValue xsi:nil="true"/>
					<FillFromFillingValue>false</FillFromFillingValue>
					<FillValue xsi:nil="true"/>
					<FillChecking>DontCheck</FillChecking>
					<ChoiceFoldersAndItems>Items</ChoiceFoldersAndItems>
					<ChoiceParameterLinks/>
					<ChoiceParameters/>
					<QuickChoice>Auto</QuickChoice>
					<CreateOnInput>Auto</CreateOnInput>
					<ChoiceForm/>
					<LinkByType/>
					<ChoiceHistoryOnInput>Auto</ChoiceHistoryOnInput>
					<Indexing>DontIndex</Indexing>
					<FullTextSearch>Use</FullTextSearch>
					<DataHistory>Use</DataHistory>
				</Properties>
			</Attribute>
			<Attribute uuid="5eba42b3-e4c9-4451-bbc5-21c002a4101a">
				<Properties>
					<Name>ПроектРазвития</Name>
					<Synonym>
						<v8:item>
							<v8:lang>ru</v8:lang>
							<v8:content>Проект развития</v8:content>
						</v8:item>
					</Synonym>
					<Comment/>
					<Type>
						<v8:Type>cfg:CatalogRef.ПроектыРазвития</v8:Type>
					</Type>
					<PasswordMode>false</PasswordMode>
					<Format/>
					<EditFormat/>
					<ToolTip/>
					<MarkNegatives>false</MarkNegatives>
					<Mask/>
					<MultiLine>false</MultiLine>
					<ExtendedEdit>false</ExtendedEdit>
					<MinValue xsi:nil="true"/>
					<MaxValue xsi:nil="true"/>
					<FillFromFillingValue>false</FillFromFillingValue>
					<FillValue xsi:nil="true"/>
					<FillChecking>DontCheck</FillChecking>
					<ChoiceFoldersAndItems>Items</ChoiceFoldersAndItems>
					<ChoiceParameterLinks/>
					<ChoiceParameters/>
					<QuickChoice>Auto</QuickChoice>
					<CreateOnInput>Auto</CreateOnInput>
					<ChoiceForm/>
					<LinkByType/>
					<ChoiceHistoryOnInput>Auto</ChoiceHistoryOnInput>
					<Indexing>DontIndex</Indexing>
					<FullTextSearch>Use</FullTextSearch>
					<DataHistory>Use</DataHistory>
				</Properties>
			</Attribute>
			<Form>ФормаДокумента</Form>
			<TabularSection uuid="88c03c37-1cb2-43d7-a1a3-3ebc67ca74ad">
				<InternalInfo>
					<xr:GeneratedType name="DocumentTabularSection.ПриобретениеУслугПрочихАктивов.ГОЗ" category="TabularSection">
						<xr:TypeId>dbfeb337-db7d-41d3-b31f-8e7fbbc3668c</xr:TypeId>
						<xr:ValueId>5fbdb035-421a-4b8d-8862-8721549ee298</xr:ValueId>
					</xr:GeneratedType>
					<xr:GeneratedType name="DocumentTabularSectionRow.ПриобретениеУслугПрочихАктивов.ГОЗ" category="TabularSectionRow">
						<xr:TypeId>5b88d14b-4ad4-431a-a7ef-ddb5fee09ea6</xr:TypeId>
						<xr:ValueId>b5b0795f-b931-4313-9f22-48908a620c54</xr:ValueId>
					</xr:GeneratedType>
				</InternalInfo>
				<Properties>
					<Name>ГОЗ</Name>
					<Synonym>
						<v8:item>
							<v8:lang>ru</v8:lang>
							<v8:content>ГОЗ</v8:content>
						</v8:item>
					</Synonym>
					<Comment/>
					<ToolTip/>
					<FillChecking>DontCheck</FillChecking>
					<StandardAttributes>
						<xr:StandardAttribute name="LineNumber">
							<xr:LinkByType/>
							<xr:FillChecking>DontCheck</xr:FillChecking>
							<xr:MultiLine>false</xr:MultiLine>
							<xr:FillFromFillingValue>false</xr:FillFromFillingValue>
							<xr:CreateOnInput>Auto</xr:CreateOnInput>
							<xr:TypeReductionMode>TransformValues</xr:TypeReductionMode>
							<xr:MaxValue xsi:nil="true"/>
							<xr:ToolTip/>
							<xr:ExtendedEdit>false</xr:ExtendedEdit>
							<xr:Format/>
							<xr:ChoiceForm/>
							<xr:QuickChoice>Auto</xr:QuickChoice>
							<xr:ChoiceHistoryOnInput>Auto</xr:ChoiceHistoryOnInput>
							<xr:EditFormat/>
							<xr:PasswordMode>false</xr:PasswordMode>
							<xr:DataHistory>Use</xr:DataHistory>
							<xr:MarkNegatives>false</xr:MarkNegatives>
							<xr:MinValue xsi:nil="true"/>
							<xr:Synonym/>
							<xr:Comment/>
							<xr:FullTextSearch>Use</xr:FullTextSearch>
							<xr:ChoiceParameterLinks/>
							<xr:FillValue xsi:nil="true"/>
							<xr:Mask/>
							<xr:ChoiceParameters/>
						</xr:StandardAttribute>
					</StandardAttributes>
					<LineNumberLength>5</LineNumberLength>
				</Properties>
				<ChildObjects>
					<Attribute uuid="dd20dc82-b095-4a3c-997e-afae29ed7b93">
						<Properties>
							<Name>СтатьиРасходовГоз</Name>
							<Synonym>
								<v8:item>
									<v8:lang>ru</v8:lang>
									<v8:content>Статьи расходов гоз</v8:content>
								</v8:item>
							</Synonym>
							<Comment/>
							<Type>
								<v8:Type>cfg:ChartOfCharacteristicTypesRef.СтатьиРасходов</v8:Type>
							</Type>
							<PasswordMode>false</PasswordMode>
							<Format/>
							<EditFormat/>
							<ToolTip/>
							<MarkNegatives>false</MarkNegatives>
							<Mask/>
							<MultiLine>false</MultiLine>
							<ExtendedEdit>false</ExtendedEdit>
							<MinValue xsi:nil="true"/>
							<MaxValue xsi:nil="true"/>
							<FillChecking>DontCheck</FillChecking>
							<ChoiceFoldersAndItems>Items</ChoiceFoldersAndItems>
							<ChoiceParameterLinks/>
							<ChoiceParameters/>
							<QuickChoice>Auto</QuickChoice>
							<CreateOnInput>Auto</CreateOnInput>
							<ChoiceForm/>
							<LinkByType/>
							<ChoiceHistoryOnInput>Auto</ChoiceHistoryOnInput>
							<Indexing>DontIndex</Indexing>
							<FullTextSearch>Use</FullTextSearch>
							<DataHistory>Use</DataHistory>
						</Properties>
					</Attribute>
					<Attribute uuid="abd2653c-f187-4b4b-a7ef-72cfa8646a7a">
						<Properties>
							<Name>Сумма</Name>
							<Synonym>
								<v8:item>
									<v8:lang>ru</v8:lang>
									<v8:content>Сумма</v8:content>
								</v8:item>
							</Synonym>
							<Comment/>
							<Type>
								<v8:Type>xs:decimal</v8:Type>
								<v8:NumberQualifiers>
									<v8:Digits>15</v8:Digits>
									<v8:FractionDigits>2</v8:FractionDigits>
									<v8:AllowedSign>Any</v8:AllowedSign>
								</v8:NumberQualifiers>
							</Type>
							<PasswordMode>false</PasswordMode>
							<Format/>
							<EditFormat/>
							<ToolTip/>
							<MarkNegatives>false</MarkNegatives>
							<Mask/>
							<MultiLine>false</MultiLine>
							<ExtendedEdit>false</ExtendedEdit>
							<MinValue xsi:nil="true"/>
							<MaxValue xsi:nil="true"/>
							<FillChecking>DontCheck</FillChecking>
							<ChoiceFoldersAndItems>Items</ChoiceFoldersAndItems>
							<ChoiceParameterLinks/>
							<ChoiceParameters/>
							<QuickChoice>Auto</QuickChoice>
							<CreateOnInput>Auto</CreateOnInput>
							<ChoiceForm/>
							<LinkByType/>
							<ChoiceHistoryOnInput>Auto</ChoiceHistoryOnInput>
							<Indexing>DontIndex</Indexing>
							<FullTextSearch>Use</FullTextSearch>
							<DataHistory>Use</DataHistory>
						</Properties>
					</Attribute>
				</ChildObjects>
			</TabularSection>
			<TabularSection uuid="de22391c-86a5-499f-95b8-a366a29e6353">
				<InternalInfo>
					<xr:GeneratedType name="DocumentTabularSection.ПриобретениеУслугПрочихАктивов.Расходы" category="TabularSection">
						<xr:TypeId>5da62e26-62cd-40ee-9916-b8c5a0d5c72a</xr:TypeId>
						<xr:ValueId>dc79ff6d-3627-4593-92e2-41004961c87d</xr:ValueId>
					</xr:GeneratedType>
					<xr:GeneratedType name="DocumentTabularSectionRow.ПриобретениеУслугПрочихАктивов.Расходы" category="TabularSectionRow">
						<xr:TypeId>29173f2a-58b2-4bc3-bf02-1aa24f376cf0</xr:TypeId>
						<xr:ValueId>7b98b08f-15f4-4d5c-b4ca-e773cfaf4cbb</xr:ValueId>
					</xr:GeneratedType>
				</InternalInfo>
				<Properties>
					<ObjectBelonging>Adopted</ObjectBelonging>
					<Name>Расходы</Name>
					<Comment/>
					<ExtendedConfigurationObject>4360b5bc-ed05-4557-a458-d5fd0c7b026a</ExtendedConfigurationObject>
				</Properties>
				<ChildObjects/>
			</TabularSection>
		</ChildObjects>
	</Document>
</MetaDataObject>