﻿<?xml version="1.0" encoding="UTF-8"?>
<MetaDataObject xmlns="http://v8.1c.ru/8.3/MDClasses" xmlns:app="http://v8.1c.ru/8.2/managed-application/core" xmlns:cfg="http://v8.1c.ru/8.1/data/enterprise/current-config" xmlns:cmi="http://v8.1c.ru/8.2/managed-application/cmi" xmlns:ent="http://v8.1c.ru/8.1/data/enterprise" xmlns:lf="http://v8.1c.ru/8.2/managed-application/logform" xmlns:style="http://v8.1c.ru/8.1/data/ui/style" xmlns:sys="http://v8.1c.ru/8.1/data/ui/fonts/system" xmlns:v8="http://v8.1c.ru/8.1/data/core" xmlns:v8ui="http://v8.1c.ru/8.1/data/ui" xmlns:web="http://v8.1c.ru/8.1/data/ui/colors/web" xmlns:win="http://v8.1c.ru/8.1/data/ui/colors/windows" xmlns:xen="http://v8.1c.ru/8.3/xcf/enums" xmlns:xpr="http://v8.1c.ru/8.3/xcf/predef" xmlns:xr="http://v8.1c.ru/8.3/xcf/readable" xmlns:xs="http://www.w3.org/2001/XMLSchema" xmlns:xsi="http://www.w3.org/2001/XMLSchema-instance" version="2.20">
	<Document uuid="fa81ae0b-2b02-4b4f-99ac-cd3cbf50f77d">
		<InternalInfo>
			<xr:GeneratedType name="DocumentObject.ПриобретениеТоваровУслуг" category="Object">
				<xr:TypeId>1716342e-4e13-492b-8170-6a680d86fb90</xr:TypeId>
				<xr:ValueId>a3cceaa2-966c-4357-892d-52f18e264999</xr:ValueId>
			</xr:GeneratedType>
			<xr:GeneratedType name="DocumentRef.ПриобретениеТоваровУслуг" category="Ref">
				<xr:TypeId>4f2464c5-3f7a-4f91-bb62-72350cb596e9</xr:TypeId>
				<xr:ValueId>78c8f1d5-0a4b-4685-b79d-3206cdafe5c5</xr:ValueId>
			</xr:GeneratedType>
			<xr:GeneratedType name="DocumentSelection.ПриобретениеТоваровУслуг" category="Selection">
				<xr:TypeId>0d76ac59-6f66-48f3-bca3-731be81b7856</xr:TypeId>
				<xr:ValueId>832fac9e-cb9f-4982-8871-a88dd92f3be3</xr:ValueId>
			</xr:GeneratedType>
			<xr:GeneratedType name="DocumentList.ПриобретениеТоваровУслуг" category="List">
				<xr:TypeId>c8fad677-98e9-4ffc-b788-bf20c94c529e</xr:TypeId>
				<xr:ValueId>4211fea0-a4b5-4c0f-b48b-79ecac249d5c</xr:ValueId>
			</xr:GeneratedType>
			<xr:GeneratedType name="DocumentManager.ПриобретениеТоваровУслуг" category="Manager">
				<xr:TypeId>088b6027-2722-4890-9227-f3436e2b7d30</xr:TypeId>
				<xr:ValueId>32882188-d836-4e2c-b814-acf567616d4e</xr:ValueId>
			</xr:GeneratedType>
			<xr:PropertyState>
				<xr:Property>ObjectModule</xr:Property>
				<xr:State>Extended</xr:State>
			</xr:PropertyState>
			<xr:PropertyState>
				<xr:Property>ManagerModule</xr:Property>
				<xr:State>Extended</xr:State>
			</xr:PropertyState>
		</InternalInfo>
		<Properties>
			<ObjectBelonging>Adopted</ObjectBelonging>
			<Name>ПриобретениеТоваровУслуг</Name>
			<Comment/>
			<ExtendedConfigurationObject>5e0d9dd9-464c-4fa3-984a-2a2da8517f38</ExtendedConfigurationObject>
			<RegisterRecords>
				<xr:Item xsi:type="xr:MDObjectRef">AccumulationRegister.ТоварыБухгалтерии</xr:Item>
			</RegisterRecords>
		</Properties>
		<ChildObjects>
			<Attribute uuid="2031eb57-b37d-4172-b54f-a7e8c6a12ec6">
				<Properties>
					<Name>ГозКонтракт</Name>
					<Synonym>
						<v8:item>
							<v8:lang>ru</v8:lang>
							<v8:content>ГОЗ контракт</v8:content>
						</v8:item>
					</Synonym>
					<Comment/>
					<Type>
						<v8:Type>cfg:DocumentRef.КонтрактыГОЗ</v8:Type>
					</Type>
					<PasswordMode>false</PasswordMode>
					<Format/>
					<EditFormat/>
					<ToolTip/>
					<MarkNegatives>false</MarkNegatives>
					<Mask/>
					<MultiLine>false</MultiLine>
					<ExtendedEdit>false</ExtendedEdit>
					<MinValue xsi:nil="true"/>
					<MaxValue xsi:nil="true"/>
					<FillFromFillingValue>false</FillFromFillingValue>
					<FillValue xsi:nil="true"/>
					<FillChecking>DontCheck</FillChecking>
					<ChoiceFoldersAndItems>Items</ChoiceFoldersAndItems>
					<ChoiceParameterLinks/>
					<ChoiceParameters/>
					<QuickChoice>Auto</QuickChoice>
					<CreateOnInput>Auto</CreateOnInput>
					<ChoiceForm/>
					<LinkByType/>
					<ChoiceHistoryOnInput>Auto</ChoiceHistoryOnInput>
					<Indexing>DontIndex</Indexing>
					<FullTextSearch>Use</FullTextSearch>
					<DataHistory>Use</DataHistory>
				</Properties>
			</Attribute>
			<Attribute uuid="98272ead-2d91-4813-96cb-ab2633d372fb">
				<Properties>
					<Name>НеЗаписыватьСебестИТовОрг</Name>
					<Synonym>
						<v8:item>
							<v8:lang>ru</v8:lang>
							<v8:content>Не записывать себестиомость и товары организаций</v8:content>
						</v8:item>
					</Synonym>
					<Comment/>
					<Type>
						<v8:Type>xs:boolean</v8:Type>
					</Type>
					<PasswordMode>false</PasswordMode>
					<Format/>
					<EditFormat/>
					<ToolTip/>
					<MarkNegatives>false</MarkNegatives>
					<Mask/>
					<MultiLine>false</MultiLine>
					<ExtendedEdit>false</ExtendedEdit>
					<MinValue xsi:nil="true"/>
					<MaxValue xsi:nil="true"/>
					<FillFromFillingValue>false</FillFromFillingValue>
					<FillValue xsi:nil="true"/>
					<FillChecking>DontCheck</FillChecking>
					<ChoiceFoldersAndItems>Items</ChoiceFoldersAndItems>
					<ChoiceParameterLinks/>
					<ChoiceParameters/>
					<QuickChoice>Auto</QuickChoice>
					<CreateOnInput>Auto</CreateOnInput>
					<ChoiceForm/>
					<LinkByType/>
					<ChoiceHistoryOnInput>Auto</ChoiceHistoryOnInput>
					<Indexing>DontIndex</Indexing>
					<FullTextSearch>Use</FullTextSearch>
					<DataHistory>Use</DataHistory>
				</Properties>
			</Attribute>
			<Attribute uuid="f76aeb19-33cf-4868-b463-17f31e33b048">
				<Properties>
					<Name>НеВыгружатьВБП</Name>
					<Synonym>
						<v8:item>
							<v8:lang>ru</v8:lang>
							<v8:content>Не выгружать в БП</v8:content>
						</v8:item>
					</Synonym>
					<Comment/>
					<Type>
						<v8:Type>xs:boolean</v8:Type>
					</Type>
					<PasswordMode>false</PasswordMode>
					<Format/>
					<EditFormat/>
					<ToolTip/>
					<MarkNegatives>false</MarkNegatives>
					<Mask/>
					<MultiLine>false</MultiLine>
					<ExtendedEdit>false</ExtendedEdit>
					<MinValue xsi:nil="true"/>
					<MaxValue xsi:nil="true"/>
					<FillFromFillingValue>false</FillFromFillingValue>
					<FillValue xsi:nil="true"/>
					<FillChecking>DontCheck</FillChecking>
					<ChoiceFoldersAndItems>Items</ChoiceFoldersAndItems>
					<ChoiceParameterLinks/>
					<ChoiceParameters/>
					<QuickChoice>Auto</QuickChoice>
					<CreateOnInput>Auto</CreateOnInput>
					<ChoiceForm/>
					<LinkByType/>
					<ChoiceHistoryOnInput>Auto</ChoiceHistoryOnInput>
					<Indexing>DontIndex</Indexing>
					<FullTextSearch>Use</FullTextSearch>
					<DataHistory>Use</DataHistory>
				</Properties>
			</Attribute>
			<Attribute uuid="cfd48d39-0b77-4bdb-80c9-2567c51b8d69">
				<InternalInfo/>
				<Properties>
					<ObjectBelonging>Adopted</ObjectBelonging>
					<Name>Контрагент</Name>
					<Comment/>
					<ExtendedConfigurationObject>3a5aaded-4c45-495d-b4fb-7037984d0f05</ExtendedConfigurationObject>
					<Type>
						<v8:Type>cfg:CatalogRef.Контрагенты</v8:Type>
					</Type>
				</Properties>
			</Attribute>
			<Attribute uuid="cf1100ed-60eb-4efe-9393-2ce44ff31fc3">
				<InternalInfo/>
				<Properties>
					<ObjectBelonging>Adopted</ObjectBelonging>
					<Name>СуммаДокумента</Name>
					<Comment/>
					<ExtendedConfigurationObject>67f7a26a-0201-484f-ae9c-65078d524a61</ExtendedConfigurationObject>
					<Type>
						<v8:TypeSet>cfg:DefinedType.ДенежнаяСуммаЛюбогоЗнака</v8:TypeSet>
					</Type>
				</Properties>
			</Attribute>
			<Attribute uuid="d42bbe02-a579-44e6-8660-1fab6513fbc5">
				<Properties>
					<Name>СуммаДокументаВРублях</Name>
					<Synonym>
						<v8:item>
							<v8:lang>ru</v8:lang>
							<v8:content>Сумма, руб</v8:content>
						</v8:item>
					</Synonym>
					<Comment/>
					<Type>
						<v8:Type>xs:decimal</v8:Type>
						<v8:NumberQualifiers>
							<v8:Digits>15</v8:Digits>
							<v8:FractionDigits>2</v8:FractionDigits>
							<v8:AllowedSign>Any</v8:AllowedSign>
						</v8:NumberQualifiers>
					</Type>
					<PasswordMode>false</PasswordMode>
					<Format/>
					<EditFormat/>
					<ToolTip/>
					<MarkNegatives>false</MarkNegatives>
					<Mask/>
					<MultiLine>false</MultiLine>
					<ExtendedEdit>false</ExtendedEdit>
					<MinValue xsi:nil="true"/>
					<MaxValue xsi:nil="true"/>
					<FillFromFillingValue>false</FillFromFillingValue>
					<FillValue xsi:nil="true"/>
					<FillChecking>DontCheck</FillChecking>
					<ChoiceFoldersAndItems>Items</ChoiceFoldersAndItems>
					<ChoiceParameterLinks/>
					<ChoiceParameters/>
					<QuickChoice>Auto</QuickChoice>
					<CreateOnInput>Auto</CreateOnInput>
					<ChoiceForm/>
					<LinkByType/>
					<ChoiceHistoryOnInput>Auto</ChoiceHistoryOnInput>
					<Indexing>DontIndex</Indexing>
					<FullTextSearch>Use</FullTextSearch>
					<DataHistory>Use</DataHistory>
				</Properties>
			</Attribute>
			<Attribute uuid="ce11a556-20b5-4030-b339-d04283e1731c">
				<InternalInfo/>
				<Properties>
					<ObjectBelonging>Adopted</ObjectBelonging>
					<Name>ХозяйственнаяОперация</Name>
					<Comment/>
					<ExtendedConfigurationObject>221a4541-2b95-440e-889b-259e07f55204</ExtendedConfigurationObject>
					<Type>
						<v8:Type>cfg:EnumRef.ХозяйственныеОперации</v8:Type>
					</Type>
				</Properties>
			</Attribute>
			<Attribute uuid="5e78d495-d623-4415-8d30-2a6bf98b0924">
				<InternalInfo/>
				<Properties>
					<ObjectBelonging>Adopted</ObjectBelonging>
					<Name>Организация</Name>
					<Comment/>
					<ExtendedConfigurationObject>207653db-8f5a-4a6f-a083-453f30cfdbd7</ExtendedConfigurationObject>
					<Type>
						<v8:Type>cfg:CatalogRef.Организации</v8:Type>
					</Type>
				</Properties>
			</Attribute>
			<Attribute uuid="70c54cdd-860d-4b44-98e1-7ba81ca5ba37">
				<Properties>
					<Name>ПроектРазвития</Name>
					<Synonym>
						<v8:item>
							<v8:lang>ru</v8:lang>
							<v8:content>Проект развития</v8:content>
						</v8:item>
					</Synonym>
					<Comment/>
					<Type>
						<v8:Type>cfg:CatalogRef.ПроектыРазвития</v8:Type>
					</Type>
					<PasswordMode>false</PasswordMode>
					<Format/>
					<EditFormat/>
					<ToolTip/>
					<MarkNegatives>false</MarkNegatives>
					<Mask/>
					<MultiLine>false</MultiLine>
					<ExtendedEdit>false</ExtendedEdit>
					<MinValue xsi:nil="true"/>
					<MaxValue xsi:nil="true"/>
					<FillFromFillingValue>false</FillFromFillingValue>
					<FillValue xsi:nil="true"/>
					<FillChecking>DontCheck</FillChecking>
					<ChoiceFoldersAndItems>Items</ChoiceFoldersAndItems>
					<ChoiceParameterLinks/>
					<ChoiceParameters/>
					<QuickChoice>Auto</QuickChoice>
					<CreateOnInput>Auto</CreateOnInput>
					<ChoiceForm/>
					<LinkByType/>
					<ChoiceHistoryOnInput>Auto</ChoiceHistoryOnInput>
					<Indexing>DontIndex</Indexing>
					<FullTextSearch>Use</FullTextSearch>
					<DataHistory>Use</DataHistory>
				</Properties>
			</Attribute>
			<Form>ФормаДокумента</Form>
			<TabularSection uuid="92199003-0a41-4fe8-bae2-cce92a2a5665">
				<InternalInfo>
					<xr:GeneratedType name="DocumentTabularSection.ПриобретениеТоваровУслуг.ГОЗ" category="TabularSection">
						<xr:TypeId>f42a338c-cd7c-433b-813a-42b60af17005</xr:TypeId>
						<xr:ValueId>de11842d-40eb-4088-9f13-cacf4751c609</xr:ValueId>
					</xr:GeneratedType>
					<xr:GeneratedType name="DocumentTabularSectionRow.ПриобретениеТоваровУслуг.ГОЗ" category="TabularSectionRow">
						<xr:TypeId>80cedc05-8dc6-46a5-b2a4-45f7adcd9ab1</xr:TypeId>
						<xr:ValueId>ddfcf3d4-f8ec-4b42-a298-c55b41273765</xr:ValueId>
					</xr:GeneratedType>
				</InternalInfo>
				<Properties>
					<Name>ГОЗ</Name>
					<Synonym>
						<v8:item>
							<v8:lang>ru</v8:lang>
							<v8:content>ГОЗ</v8:content>
						</v8:item>
					</Synonym>
					<Comment/>
					<ToolTip/>
					<FillChecking>DontCheck</FillChecking>
					<StandardAttributes>
						<xr:StandardAttribute name="LineNumber">
							<xr:LinkByType/>
							<xr:FillChecking>DontCheck</xr:FillChecking>
							<xr:MultiLine>false</xr:MultiLine>
							<xr:FillFromFillingValue>false</xr:FillFromFillingValue>
							<xr:CreateOnInput>Auto</xr:CreateOnInput>
							<xr:TypeReductionMode>TransformValues</xr:TypeReductionMode>
							<xr:MaxValue xsi:nil="true"/>
							<xr:ToolTip/>
							<xr:ExtendedEdit>false</xr:ExtendedEdit>
							<xr:Format/>
							<xr:ChoiceForm/>
							<xr:QuickChoice>Auto</xr:QuickChoice>
							<xr:ChoiceHistoryOnInput>Auto</xr:ChoiceHistoryOnInput>
							<xr:EditFormat/>
							<xr:PasswordMode>false</xr:PasswordMode>
							<xr:DataHistory>Use</xr:DataHistory>
							<xr:MarkNegatives>false</xr:MarkNegatives>
							<xr:MinValue xsi:nil="true"/>
							<xr:Synonym/>
							<xr:Comment/>
							<xr:FullTextSearch>Use</xr:FullTextSearch>
							<xr:ChoiceParameterLinks/>
							<xr:FillValue xsi:nil="true"/>
							<xr:Mask/>
							<xr:ChoiceParameters/>
						</xr:StandardAttribute>
					</StandardAttributes>
					<LineNumberLength>5</LineNumberLength>
				</Properties>
				<ChildObjects>
					<Attribute uuid="9886821c-fd35-4464-b9bb-39e7ad2c039d">
						<Properties>
							<Name>СтатьиРасходовГоз</Name>
							<Synonym>
								<v8:item>
									<v8:lang>ru</v8:lang>
									<v8:content>Статьи расходов гоз</v8:content>
								</v8:item>
							</Synonym>
							<Comment/>
							<Type>
								<v8:Type>cfg:ChartOfCharacteristicTypesRef.СтатьиРасходов</v8:Type>
							</Type>
							<PasswordMode>false</PasswordMode>
							<Format/>
							<EditFormat/>
							<ToolTip/>
							<MarkNegatives>false</MarkNegatives>
							<Mask/>
							<MultiLine>false</MultiLine>
							<ExtendedEdit>false</ExtendedEdit>
							<MinValue xsi:nil="true"/>
							<MaxValue xsi:nil="true"/>
							<FillChecking>DontCheck</FillChecking>
							<ChoiceFoldersAndItems>Items</ChoiceFoldersAndItems>
							<ChoiceParameterLinks/>
							<ChoiceParameters/>
							<QuickChoice>Auto</QuickChoice>
							<CreateOnInput>Auto</CreateOnInput>
							<ChoiceForm/>
							<LinkByType/>
							<ChoiceHistoryOnInput>Auto</ChoiceHistoryOnInput>
							<Indexing>DontIndex</Indexing>
							<FullTextSearch>Use</FullTextSearch>
							<DataHistory>Use</DataHistory>
						</Properties>
					</Attribute>
					<Attribute uuid="2a3b6e9d-0644-4b68-b6e3-ec55ae94a6f4">
						<Properties>
							<Name>Сумма</Name>
							<Synonym>
								<v8:item>
									<v8:lang>ru</v8:lang>
									<v8:content>Сумма</v8:content>
								</v8:item>
							</Synonym>
							<Comment/>
							<Type>
								<v8:Type>xs:decimal</v8:Type>
								<v8:NumberQualifiers>
									<v8:Digits>15</v8:Digits>
									<v8:FractionDigits>2</v8:FractionDigits>
									<v8:AllowedSign>Any</v8:AllowedSign>
								</v8:NumberQualifiers>
							</Type>
							<PasswordMode>false</PasswordMode>
							<Format/>
							<EditFormat/>
							<ToolTip/>
							<MarkNegatives>false</MarkNegatives>
							<Mask/>
							<MultiLine>false</MultiLine>
							<ExtendedEdit>false</ExtendedEdit>
							<MinValue xsi:nil="true"/>
							<MaxValue xsi:nil="true"/>
							<FillChecking>DontCheck</FillChecking>
							<ChoiceFoldersAndItems>Items</ChoiceFoldersAndItems>
							<ChoiceParameterLinks/>
							<ChoiceParameters/>
							<QuickChoice>Auto</QuickChoice>
							<CreateOnInput>Auto</CreateOnInput>
							<ChoiceForm/>
							<LinkByType/>
							<ChoiceHistoryOnInput>Auto</ChoiceHistoryOnInput>
							<Indexing>DontIndex</Indexing>
							<FullTextSearch>Use</FullTextSearch>
							<DataHistory>Use</DataHistory>
						</Properties>
					</Attribute>
					<Attribute uuid="e67723e5-7e60-4d87-8cd5-dac985701bd4">
						<Properties>
							<Name>СуммаДокументаВРублях</Name>
							<Synonym>
								<v8:item>
									<v8:lang>ru</v8:lang>
									<v8:content>Сумма, руб</v8:content>
								</v8:item>
							</Synonym>
							<Comment/>
							<Type>
								<v8:Type>xs:decimal</v8:Type>
								<v8:NumberQualifiers>
									<v8:Digits>15</v8:Digits>
									<v8:FractionDigits>2</v8:FractionDigits>
									<v8:AllowedSign>Any</v8:AllowedSign>
								</v8:NumberQualifiers>
							</Type>
							<PasswordMode>false</PasswordMode>
							<Format/>
							<EditFormat/>
							<ToolTip/>
							<MarkNegatives>false</MarkNegatives>
							<Mask/>
							<MultiLine>false</MultiLine>
							<ExtendedEdit>false</ExtendedEdit>
							<MinValue xsi:nil="true"/>
							<MaxValue xsi:nil="true"/>
							<FillChecking>DontCheck</FillChecking>
							<ChoiceFoldersAndItems>Items</ChoiceFoldersAndItems>
							<ChoiceParameterLinks/>
							<ChoiceParameters/>
							<QuickChoice>Auto</QuickChoice>
							<CreateOnInput>Auto</CreateOnInput>
							<ChoiceForm/>
							<LinkByType/>
							<ChoiceHistoryOnInput>Auto</ChoiceHistoryOnInput>
							<Indexing>DontIndex</Indexing>
							<FullTextSearch>Use</FullTextSearch>
							<DataHistory>Use</DataHistory>
						</Properties>
					</Attribute>
				</ChildObjects>
			</TabularSection>
			<TabularSection uuid="2944c0b0-579a-4c36-ba97-889982534e48">
				<InternalInfo>
					<xr:GeneratedType name="DocumentTabularSection.ПриобретениеТоваровУслуг.Товары" category="TabularSection">
						<xr:TypeId>0f02e2a0-c824-46ee-bcd8-f9a93f3dd6ae</xr:TypeId>
						<xr:ValueId>f0bea072-8aaf-4dba-b3b8-90f911157a2d</xr:ValueId>
					</xr:GeneratedType>
					<xr:GeneratedType name="DocumentTabularSectionRow.ПриобретениеТоваровУслуг.Товары" category="TabularSectionRow">
						<xr:TypeId>c023b52f-e347-4c2d-86fb-c8418cb232aa</xr:TypeId>
						<xr:ValueId>3af10751-3358-4241-8287-14bc9f53c2e4</xr:ValueId>
					</xr:GeneratedType>
				</InternalInfo>
				<Properties>
					<ObjectBelonging>Adopted</ObjectBelonging>
					<Name>Товары</Name>
					<Comment/>
					<ExtendedConfigurationObject>941aa10e-3657-48ec-8f9d-92e38e90ecbf</ExtendedConfigurationObject>
				</Properties>
				<ChildObjects>
					<Attribute uuid="8382049c-1146-43bd-bf4b-83ee28ceab58">
						<InternalInfo/>
						<Properties>
							<ObjectBelonging>Adopted</ObjectBelonging>
							<Name>Номенклатура</Name>
							<Comment/>
							<ExtendedConfigurationObject>6b535f05-ac01-4fbe-a57c-0c88609787de</ExtendedConfigurationObject>
							<Type>
								<v8:Type>cfg:CatalogRef.Номенклатура</v8:Type>
							</Type>
						</Properties>
					</Attribute>
					<Attribute uuid="25db1d6e-c4e7-400e-b5e0-585db4ec361d">
						<InternalInfo/>
						<Properties>
							<ObjectBelonging>Adopted</ObjectBelonging>
							<Name>Характеристика</Name>
							<Comment/>
							<ExtendedConfigurationObject>07770f6f-1b6b-4728-8b1e-5727c63dbf6d</ExtendedConfigurationObject>
							<Type>
								<v8:Type>cfg:CatalogRef.ХарактеристикиНоменклатуры</v8:Type>
							</Type>
						</Properties>
					</Attribute>
					<Attribute uuid="46a56920-ec0d-4030-bb0c-087be2ce21cc">
						<InternalInfo/>
						<Properties>
							<ObjectBelonging>Adopted</ObjectBelonging>
							<Name>Количество</Name>
							<Comment/>
							<ExtendedConfigurationObject>58fc47c6-1733-47b4-bc71-2472a7a3d39b</ExtendedConfigurationObject>
							<Type>
								<v8:Type>xs:decimal</v8:Type>
								<v8:NumberQualifiers>
									<v8:Digits>15</v8:Digits>
									<v8:FractionDigits>3</v8:FractionDigits>
									<v8:AllowedSign>Nonnegative</v8:AllowedSign>
								</v8:NumberQualifiers>
							</Type>
						</Properties>
					</Attribute>
					<Attribute uuid="6892939d-17f2-460f-869f-34a4c89a12dc">
						<InternalInfo/>
						<Properties>
							<ObjectBelonging>Adopted</ObjectBelonging>
							<Name>Цена</Name>
							<Comment/>
							<ExtendedConfigurationObject>4707386f-be02-4153-8c0e-7f525e2f533a</ExtendedConfigurationObject>
							<Type>
								<v8:TypeSet>cfg:DefinedType.Цена</v8:TypeSet>
							</Type>
						</Properties>
					</Attribute>
					<Attribute uuid="93654714-0098-43c4-a253-b69a28530d19">
						<InternalInfo/>
						<Properties>
							<ObjectBelonging>Adopted</ObjectBelonging>
							<Name>Сумма</Name>
							<Comment/>
							<ExtendedConfigurationObject>5d205893-d5ea-40c6-8cbf-ceb9cf788886</ExtendedConfigurationObject>
							<Type>
								<v8:TypeSet>cfg:DefinedType.ДенежнаяСуммаНеотрицательная</v8:TypeSet>
							</Type>
						</Properties>
					</Attribute>
					<Attribute uuid="0dedfdf8-ae86-4cf8-a66c-4b3b51b95d2c">
						<InternalInfo/>
						<Properties>
							<ObjectBelonging>Adopted</ObjectBelonging>
							<Name>СуммаНДС</Name>
							<Comment/>
							<ExtendedConfigurationObject>ca71c11b-a85b-4181-8c6f-6ba2ef9b8b40</ExtendedConfigurationObject>
							<Type>
								<v8:TypeSet>cfg:DefinedType.ДенежнаяСуммаНеотрицательная</v8:TypeSet>
							</Type>
						</Properties>
					</Attribute>
					<Attribute uuid="0d5af43f-9316-42ee-a0fb-1130304e815f">
						<InternalInfo/>
						<Properties>
							<ObjectBelonging>Adopted</ObjectBelonging>
							<Name>СуммаСНДС</Name>
							<Comment/>
							<ExtendedConfigurationObject>d6572c59-9cc8-4ee3-a0dc-a0a09059d5d1</ExtendedConfigurationObject>
							<Type>
								<v8:TypeSet>cfg:DefinedType.ДенежнаяСуммаНеотрицательная</v8:TypeSet>
							</Type>
						</Properties>
					</Attribute>
					<Attribute uuid="b0be7722-f43b-42ae-8d85-d7db13d90bdd">
						<InternalInfo/>
						<Properties>
							<ObjectBelonging>Adopted</ObjectBelonging>
							<Name>СтавкаНДС</Name>
							<Comment/>
							<ExtendedConfigurationObject>6b024007-efad-421d-a44b-ffd3354f9f83</ExtendedConfigurationObject>
							<Type>
								<v8:Type>cfg:CatalogRef.СтавкиНДС</v8:Type>
							</Type>
						</Properties>
					</Attribute>
				</ChildObjects>
			</TabularSection>
		</ChildObjects>
	</Document>
</MetaDataObject>