﻿<?xml version="1.0" encoding="UTF-8"?>
<MetaDataObject xmlns="http://v8.1c.ru/8.3/MDClasses" xmlns:app="http://v8.1c.ru/8.2/managed-application/core" xmlns:cfg="http://v8.1c.ru/8.1/data/enterprise/current-config" xmlns:cmi="http://v8.1c.ru/8.2/managed-application/cmi" xmlns:ent="http://v8.1c.ru/8.1/data/enterprise" xmlns:lf="http://v8.1c.ru/8.2/managed-application/logform" xmlns:style="http://v8.1c.ru/8.1/data/ui/style" xmlns:sys="http://v8.1c.ru/8.1/data/ui/fonts/system" xmlns:v8="http://v8.1c.ru/8.1/data/core" xmlns:v8ui="http://v8.1c.ru/8.1/data/ui" xmlns:web="http://v8.1c.ru/8.1/data/ui/colors/web" xmlns:win="http://v8.1c.ru/8.1/data/ui/colors/windows" xmlns:xen="http://v8.1c.ru/8.3/xcf/enums" xmlns:xpr="http://v8.1c.ru/8.3/xcf/predef" xmlns:xr="http://v8.1c.ru/8.3/xcf/readable" xmlns:xs="http://www.w3.org/2001/XMLSchema" xmlns:xsi="http://www.w3.org/2001/XMLSchema-instance" version="2.20">
	<AccumulationRegister uuid="f145f183-010f-4ee1-b46b-e3c1b2754a2b">
		<InternalInfo>
			<xr:GeneratedType name="AccumulationRegisterRecord.ТоварыНаСкладах" category="Record">
				<xr:TypeId>4de69e75-d3a1-45cb-99cc-3a825db223ad</xr:TypeId>
				<xr:ValueId>d06e9187-2471-4e1b-9c22-423a41965a5a</xr:ValueId>
			</xr:GeneratedType>
			<xr:GeneratedType name="AccumulationRegisterManager.ТоварыНаСкладах" category="Manager">
				<xr:TypeId>d745f7a6-1c14-4426-96ac-5e95aee85ca3</xr:TypeId>
				<xr:ValueId>68e9c7be-5945-4ba6-ac6b-caa60ed22632</xr:ValueId>
			</xr:GeneratedType>
			<xr:GeneratedType name="AccumulationRegisterSelection.ТоварыНаСкладах" category="Selection">
				<xr:TypeId>da13e35e-da22-4cf6-b9cf-ec6c0e8d7c7a</xr:TypeId>
				<xr:ValueId>cd3cdf72-2621-4114-86a3-4293eed454e1</xr:ValueId>
			</xr:GeneratedType>
			<xr:GeneratedType name="AccumulationRegisterList.ТоварыНаСкладах" category="List">
				<xr:TypeId>5b8fd3cb-eb57-4208-bf0f-0cc66c84f186</xr:TypeId>
				<xr:ValueId>697f7590-e936-479c-8a3f-1327c8c0cb7c</xr:ValueId>
			</xr:GeneratedType>
			<xr:GeneratedType name="AccumulationRegisterRecordSet.ТоварыНаСкладах" category="RecordSet">
				<xr:TypeId>90d21e97-95e3-44b3-8184-a8be8fcb9d05</xr:TypeId>
				<xr:ValueId>e02434c1-0670-485a-9b1f-76fd69dca1ee</xr:ValueId>
			</xr:GeneratedType>
			<xr:GeneratedType name="AccumulationRegisterRecordKey.ТоварыНаСкладах" category="RecordKey">
				<xr:TypeId>38c8316d-2f92-48cc-8a52-993770f70f22</xr:TypeId>
				<xr:ValueId>11194bcd-35c4-474b-9fab-80f05396adb4</xr:ValueId>
			</xr:GeneratedType>
			<xr:PropertyState>
				<xr:Property>RecordSetModule</xr:Property>
				<xr:State>Extended</xr:State>
			</xr:PropertyState>
		</InternalInfo>
		<Properties>
			<ObjectBelonging>Adopted</ObjectBelonging>
			<Name>ТоварыНаСкладах</Name>
			<Comment/>
			<ExtendedConfigurationObject>80440cbb-f97b-4620-8eca-b89f9a033f08</ExtendedConfigurationObject>
			<RegisterType>Balance</RegisterType>
		</Properties>
		<ChildObjects>
			<Resource uuid="5b114202-6940-4e6d-b8d7-15d243d16d0d">
				<InternalInfo/>
				<Properties>
					<ObjectBelonging>Adopted</ObjectBelonging>
					<Name>ВНаличии</Name>
					<Comment/>
					<ExtendedConfigurationObject>2d1fe73e-1f3d-4ee9-9dd1-010dfff742b1</ExtendedConfigurationObject>
					<Type>
						<v8:Type>xs:decimal</v8:Type>
						<v8:NumberQualifiers>
							<v8:Digits>15</v8:Digits>
							<v8:FractionDigits>3</v8:FractionDigits>
							<v8:AllowedSign>Any</v8:AllowedSign>
						</v8:NumberQualifiers>
					</Type>
				</Properties>
			</Resource>
			<Dimension uuid="83101cd7-13d5-403e-a2ef-5ba7e89a1a4c">
				<InternalInfo/>
				<Properties>
					<ObjectBelonging>Adopted</ObjectBelonging>
					<Name>Номенклатура</Name>
					<Comment/>
					<ExtendedConfigurationObject>70b08d50-30e9-4115-9e39-67ef989c58b2</ExtendedConfigurationObject>
					<Type>
						<v8:Type>cfg:CatalogRef.Номенклатура</v8:Type>
					</Type>
				</Properties>
			</Dimension>
			<Dimension uuid="79b1a314-bb99-46bd-a878-31f16e98bc3a">
				<InternalInfo/>
				<Properties>
					<ObjectBelonging>Adopted</ObjectBelonging>
					<Name>Склад</Name>
					<Comment/>
					<ExtendedConfigurationObject>29d5a4e7-4544-4ed2-a8bf-d541eef13703</ExtendedConfigurationObject>
					<Type>
						<v8:Type>cfg:CatalogRef.Склады</v8:Type>
					</Type>
				</Properties>
			</Dimension>
		</ChildObjects>
	</AccumulationRegister>
</MetaDataObject>