﻿<?xml version="1.0" encoding="UTF-8"?>
<MetaDataObject xmlns="http://v8.1c.ru/8.3/MDClasses" xmlns:app="http://v8.1c.ru/8.2/managed-application/core" xmlns:cfg="http://v8.1c.ru/8.1/data/enterprise/current-config" xmlns:cmi="http://v8.1c.ru/8.2/managed-application/cmi" xmlns:ent="http://v8.1c.ru/8.1/data/enterprise" xmlns:lf="http://v8.1c.ru/8.2/managed-application/logform" xmlns:style="http://v8.1c.ru/8.1/data/ui/style" xmlns:sys="http://v8.1c.ru/8.1/data/ui/fonts/system" xmlns:v8="http://v8.1c.ru/8.1/data/core" xmlns:v8ui="http://v8.1c.ru/8.1/data/ui" xmlns:web="http://v8.1c.ru/8.1/data/ui/colors/web" xmlns:win="http://v8.1c.ru/8.1/data/ui/colors/windows" xmlns:xen="http://v8.1c.ru/8.3/xcf/enums" xmlns:xpr="http://v8.1c.ru/8.3/xcf/predef" xmlns:xr="http://v8.1c.ru/8.3/xcf/readable" xmlns:xs="http://www.w3.org/2001/XMLSchema" xmlns:xsi="http://www.w3.org/2001/XMLSchema-instance" version="2.20">
	<Configuration uuid="a5ec4b5a-fe6a-457b-a43c-5366a3706012">
		<InternalInfo>
			<xr:ContainedObject>
				<xr:ClassId>9cd510cd-abfc-11d4-9434-004095e12fc7</xr:ClassId>
				<xr:ObjectId>afcd2c45-285a-4ec5-a8be-2eecfbf4a1c0</xr:ObjectId>
			</xr:ContainedObject>
			<xr:ContainedObject>
				<xr:ClassId>9fcd25a0-4822-11d4-9414-008048da11f9</xr:ClassId>
				<xr:ObjectId>cc1b702b-1996-4f9d-b819-63c0f34b3777</xr:ObjectId>
			</xr:ContainedObject>
			<xr:ContainedObject>
				<xr:ClassId>e3687481-0a87-462c-a166-9f34594f9bba</xr:ClassId>
				<xr:ObjectId>13637716-5498-4093-ac2b-f8067f17f21d</xr:ObjectId>
			</xr:ContainedObject>
			<xr:ContainedObject>
				<xr:ClassId>9de14907-ec23-4a07-96f0-85521cb6b53b</xr:ClassId>
				<xr:ObjectId>c8c24a75-81dd-4421-a34b-4573646266c5</xr:ObjectId>
			</xr:ContainedObject>
			<xr:ContainedObject>
				<xr:ClassId>51f2d5d8-ea4d-4064-8892-82951750031e</xr:ClassId>
				<xr:ObjectId>3e2d05f1-464e-473e-8ea1-064847405ef8</xr:ObjectId>
			</xr:ContainedObject>
			<xr:ContainedObject>
				<xr:ClassId>e68182ea-4237-4383-967f-90c1e3370bc7</xr:ClassId>
				<xr:ObjectId>cf4b888d-ecba-4ea6-97fc-aaa222f49b68</xr:ObjectId>
			</xr:ContainedObject>
			<xr:ContainedObject>
				<xr:ClassId>fb282519-d103-4dd3-bc12-cb271d631dfc</xr:ClassId>
				<xr:ObjectId>d0b72bf5-676d-4c97-9e6d-b8081144051c</xr:ObjectId>
			</xr:ContainedObject>
			<xr:PropertyState>
				<xr:Property>CommandInterface</xr:Property>
				<xr:State>Extended</xr:State>
			</xr:PropertyState>
			<xr:PropertyState>
				<xr:Property>MainSectionCommandInterface</xr:Property>
				<xr:State>Extended</xr:State>
			</xr:PropertyState>
		</InternalInfo>
		<Properties>
			<ObjectBelonging>Adopted</ObjectBelonging>
			<Name>Buro1_Goz</Name>
			<Synonym>
				<v8:item>
					<v8:lang>ru</v8:lang>
					<v8:content>Buro1 goz</v8:content>
				</v8:item>
			</Synonym>
			<Comment/>
			<ConfigurationExtensionPurpose>Customization</ConfigurationExtensionPurpose>
			<KeepMappingToExtendedConfigurationObjectsByIDs>true</KeepMappingToExtendedConfigurationObjectsByIDs>
			<NamePrefix>Buro1Goz_</NamePrefix>
			<ConfigurationExtensionCompatibilityMode>Version8_3_17</ConfigurationExtensionCompatibilityMode>
			<DefaultRunMode>ManagedApplication</DefaultRunMode>
			<UsePurposes>
				<v8:Value xsi:type="app:ApplicationUsePurpose">PlatformApplication</v8:Value>
			</UsePurposes>
			<ScriptVariant>Russian</ScriptVariant>
			<DefaultRoles>
				<xr:Item xsi:type="xr:MDObjectRef">Role.Buro1Goz_ОсновнаяРоль</xr:Item>
			</DefaultRoles>
			<Vendor/>
			<Version>1.0.1.1</Version>
			<DefaultLanguage>Language.Русский</DefaultLanguage>
			<BriefInformation/>
			<DetailedInformation/>
			<Copyright/>
			<VendorInformationAddress/>
			<ConfigurationInformationAddress/>
			<InterfaceCompatibilityMode>TaxiEnableVersion8_2</InterfaceCompatibilityMode>
		</Properties>
		<ChildObjects>
			<Language>Русский</Language>
			<Subsystem>РаздельныйУчетГОЗ</Subsystem>
			<Subsystem>Закупки</Subsystem>
			<Subsystem>ТоварыБухгалтерии</Subsystem>
			<Subsystem>ФинансовыйРезультатИКонтроллинг</Subsystem>
			<StyleItem>ПоясняющийТекст</StyleItem>
			<StyleItem>ЦветФонаПредупреждения</StyleItem>
			<StyleItem>ФонУправляющегоПоля</StyleItem>
			<StyleItem>ТекстПредопределенногоЗначения</StyleItem>
			<StyleItem>ЦветТекстаПредупреждение</StyleItem>
			<StyleItem>ГиперссылкаЦвет</StyleItem>
			<StyleItem>ИтогиФон</StyleItem>
			<StyleItem>РезультатПроблемаЦвет</StyleItem>
			<StyleItem>ТекстСправочнойНадписи</StyleItem>
			<StyleItem>ЦветФонаВыделения</StyleItem>
			<StyleItem>ЦветТекстаНевыбраннойКартинки</StyleItem>
			<StyleItem>ТекстИнформационнойНадписи</StyleItem>
			<StyleItem>ПоясняющийОшибкуТекст</StyleItem>
			<StyleItem>ЦветТекстаПроблема</StyleItem>
			<CommonPicture>Buro1Goz_GOZ</CommonPicture>
			<CommonPicture>ЗаполнитьФорму</CommonPicture>
			<CommonPicture>ЗаполнитьПоШаблону</CommonPicture>
			<CommonPicture>Отчеты</CommonPicture>
			<CommonPicture>ЗаполнитьЦеныПоВидуЦен</CommonPicture>
			<CommonPicture>ВниманиеКрасный</CommonPicture>
			<CommonPicture>СостояниеПроверкиКонтрагента</CommonPicture>
			<CommonPicture>Набор</CommonPicture>
			<CommonPicture>Наборы</CommonPicture>
			<CommonPicture>СерииНоменклатурыКолонкаСтатусов</CommonPicture>
			<CommonPicture>Внимание16</CommonPicture>
			<CommonPicture>СтатусыУказанияСерий</CommonPicture>
			<CommonPicture>СостоянияСтрок</CommonPicture>
			<CommonPicture>ПревышениеЗаказа</CommonPicture>
			<CommonPicture>КоллекцияПиктограммыТренда</CommonPicture>
			<CommonPicture>ПодписанЗашифрованСостояния</CommonPicture>
			<CommonPicture>КоллекцияПиктограммФайлов</CommonPicture>
			<CommonPicture>ПодписанЗашифрованЗаголовок</CommonPicture>
			<CommonPicture>ОбновитьФайлИзФайлаНаДиске</CommonPicture>
			<CommonPicture>ФильтрПоСвойствам</CommonPicture>
			<CommonPicture>Номенклатура</CommonPicture>
			<CommonPicture>ПрочиеПользовательскиеНастройки</CommonPicture>
			<CommonPicture>НоменклатураПродаваемаяСовместно</CommonPicture>
			<CommonPicture>СостояниеНоменклатурыПродаваемойСовместно</CommonPicture>
			<Role>Buro1Goz_ОсновнаяРоль</Role>
			<Role>АдминистраторГОЗ</Role>
			<Role>Buro1Goz_ИзменениеПеремещений</Role>
			<CommonModule>УправлениеКонтактнойИнформацией</CommonModule>
			<CommonModule>ДеревоЭлектронногоДокументаБЭДСлужебный</CommonModule>
			<CommonModule>СтруктураПодчиненностиСлужебный</CommonModule>
			<CommonModule>B1_ОбщегоНазначения</CommonModule>
			<CommonModule>ОбменДаннымиXDTOСервер</CommonModule>
			<CommonModule>МенеджерОбменаЧерезУниверсальныйФормат</CommonModule>
			<CommonModule>СозданиеНаОснованииУТВызовСервера</CommonModule>
			<CommonModule>РасчетСебестоимостиПодготовкаДанных</CommonModule>
			<DefinedType>Цена</DefinedType>
			<DefinedType>ДенежнаяСуммаНеотрицательная</DefinedType>
			<DefinedType>ДенежнаяСуммаЛюбогоЗнака</DefinedType>
			<CommonForm>СвязанныеДокументы</CommonForm>
			<Catalog>Номенклатура</Catalog>
			<Catalog>Контрагенты</Catalog>
			<Catalog>ХарактеристикиНоменклатуры</Catalog>
			<Catalog>ДоговорыКонтрагентов</Catalog>
			<Catalog>УпаковкиЕдиницыИзмерения</Catalog>
			<Catalog>БанковскиеСчетаКонтрагентов</Catalog>
			<Catalog>Партнеры</Catalog>
			<Catalog>СтавкиНДС</Catalog>
			<Catalog>ПредопределенныеЗначения</Catalog>
			<Catalog>ВидыНоменклатуры</Catalog>
			<Catalog>Склады</Catalog>
			<Catalog>Назначения</Catalog>
			<Catalog>СерииНоменклатуры</Catalog>
			<Catalog>КлючиАналитикиУчетаНоменклатуры</Catalog>
			<Catalog>ЗакупкаТоваровВРазрезеГозКонтракта</Catalog>
			<Catalog>Организации</Catalog>
			<Catalog>Пользователи</Catalog>
			<Catalog>ПроектыРазвития</Catalog>
			<Catalog>ВариантыКомплектацииНоменклатуры</Catalog>
			<Catalog>СоглашенияСПоставщиками</Catalog>
			<Document>КонтрактыГОЗ</Document>
			<Document>РасходныйКассовыйОрдер</Document>
			<Document>ОприходованиеИзлишковТоваров</Document>
			<Document>АвансовыйОтчет</Document>
			<Document>АктВыполненныхРабот</Document>
			<Document>СписаниеНедостачТоваров</Document>
			<Document>ПриходныйКассовыйОрдер</Document>
			<Document>ПоступлениеБезналичныхДенежныхСредств</Document>
			<Document>ПересортицаТоваров</Document>
			<Document>СборкаТоваров</Document>
			<Document>ВнутреннееПотребление</Document>
			<Document>СписаниеБезналичныхДенежныхСредств</Document>
			<Document>РеализацияТоваровУслуг</Document>
			<Document>ПриобретениеТоваровУслуг</Document>
			<Document>ПриобретениеУслугПрочихАктивов</Document>
			<Document>ЗаказПоставщику</Document>
			<Document>ПеремещениеТоваров</Document>
			<Document>ТаможеннаяДекларацияИмпорт</Document>
			<Document>B1_СканированиеНомеровНаСклад</Document>
			<Document>КорректировкаТоваровБухгалтерии</Document>
			<Document>ЗаявкаНаРасходованиеДенежныхСредств</Document>
			<Document>ЗаказКлиента</Document>
			<Document>КорректировкаРеализации</Document>
			<Document>B1_ГенерацияСерийныхНомеров</Document>
			<Enum>ВариантыРаздельногоУчетаНДС</Enum>
			<Enum>НазначениеПравилРаспределенияРасходов</Enum>
			<Enum>ВидыДеятельностиРасходов</Enum>
			<Enum>ХозяйственныеОперации</Enum>
			<Enum>СтатусыДействияВидовЦен</Enum>
			<Enum>ТипыПлатежныхДокументов</Enum>
			<Enum>ТипыКомиссииЗаБанковскиеПереводы</Enum>
			<Enum>ТипыНалогообложенияНДС</Enum>
			<Enum>ВариантыОформленияПродажи</Enum>
			<Enum>СпособыДоставки</Enum>
			<Enum>ВариантыВыбытияМаркируемойПродукции</Enum>
			<Enum>СтатусыДоговоровКонтрагентов</Enum>
			<Enum>СтатусыСборокТоваров</Enum>
			<Enum>ПорядокРасчетов</Enum>
			<Enum>ПорядокОформленияСписанияТоваровПринятыхНаХранение</Enum>
			<Enum>ВариантыОтраженияНеотфактурованныхПоставокНУ</Enum>
			<Enum>СтатусыЗаявокНаРасходованиеДенежныхСредств</Enum>
			<Enum>ВариантыКонтроляОплатыПоставщику</Enum>
			<Enum>ПорядкиЗачетаОплатНакладных</Enum>
			<Enum>СпособыФормированияСегментов</Enum>
			<Report>ТоварыДляРаспределения</Report>
			<Report>ЗакупкиТоваров</Report>
			<Report>СерийныеНомераНаСкладе</Report>
			<Report>ЗакупкиТоваровПоКонтрактамГОЗ</Report>
			<Report>ОстаткиТоваровБухгалтерииСДокументами</Report>
			<Report>ОплатыПоКонтракту</Report>
			<Report>ЗатратыНаПроектыРазвития</Report>
			<DataProcessor>ПечатьСерийныхНомеров</DataProcessor>
			<DataProcessor>ОтображениеДокументовПоСерийникам</DataProcessor>
			<DataProcessor>РаспределитьТовар</DataProcessor>
			<DataProcessor>ОприходованиеСписаниеЗакрытиеМесяца</DataProcessor>
			<DataProcessor>КлиентБанк</DataProcessor>
			<DataProcessor>ОбработкаДляВыполненияРазличныхФункций</DataProcessor>
			<DataProcessor>КонтрольДвиженийПоУправленческойОрганизации</DataProcessor>
			<DataProcessor>ПодборТоваровВДокументПродажи</DataProcessor>
			<InformationRegister>СерийныеНомераНаПечать</InformationRegister>
			<InformationRegister>НастройкаСобственныхСерийныхНомеров</InformationRegister>
			<AccumulationRegister>УчетШтрихКодов</AccumulationRegister>
			<AccumulationRegister>ТоварыНаСкладах</AccumulationRegister>
			<AccumulationRegister>ТоварыБухгалтерии</AccumulationRegister>
			<AccumulationRegister>РезервыТоваровОрганизаций</AccumulationRegister>
			<AccumulationRegister>СебестоимостьТоваров</AccumulationRegister>
			<AccumulationRegister>ЗапасыИПотребности</AccumulationRegister>
			<ChartOfCharacteristicTypes>СтатьиРасходов</ChartOfCharacteristicTypes>
		</ChildObjects>
	</Configuration>
</MetaDataObject>