﻿<?xml version="1.0" encoding="UTF-8"?>
<MetaDataObject xmlns="http://v8.1c.ru/8.3/MDClasses" xmlns:app="http://v8.1c.ru/8.2/managed-application/core" xmlns:cfg="http://v8.1c.ru/8.1/data/enterprise/current-config" xmlns:cmi="http://v8.1c.ru/8.2/managed-application/cmi" xmlns:ent="http://v8.1c.ru/8.1/data/enterprise" xmlns:lf="http://v8.1c.ru/8.2/managed-application/logform" xmlns:style="http://v8.1c.ru/8.1/data/ui/style" xmlns:sys="http://v8.1c.ru/8.1/data/ui/fonts/system" xmlns:v8="http://v8.1c.ru/8.1/data/core" xmlns:v8ui="http://v8.1c.ru/8.1/data/ui" xmlns:web="http://v8.1c.ru/8.1/data/ui/colors/web" xmlns:win="http://v8.1c.ru/8.1/data/ui/colors/windows" xmlns:xen="http://v8.1c.ru/8.3/xcf/enums" xmlns:xpr="http://v8.1c.ru/8.3/xcf/predef" xmlns:xr="http://v8.1c.ru/8.3/xcf/readable" xmlns:xs="http://www.w3.org/2001/XMLSchema" xmlns:xsi="http://www.w3.org/2001/XMLSchema-instance" version="2.20">
	<Catalog uuid="ba214bd6-46b4-4bcd-bf20-adb469da2b23">
		<InternalInfo>
			<xr:GeneratedType name="CatalogObject.Назначения" category="Object">
				<xr:TypeId>c6e8adfb-62be-465c-9f1c-14eb370bef11</xr:TypeId>
				<xr:ValueId>b76eff3c-a224-4d6c-b394-833b3b4d6225</xr:ValueId>
			</xr:GeneratedType>
			<xr:GeneratedType name="CatalogRef.Назначения" category="Ref">
				<xr:TypeId>1dd5eddd-71d7-462f-8707-30e5128e158e</xr:TypeId>
				<xr:ValueId>bf0e506e-3def-48ec-8deb-4cd409adc488</xr:ValueId>
			</xr:GeneratedType>
			<xr:GeneratedType name="CatalogSelection.Назначения" category="Selection">
				<xr:TypeId>8b011f44-1a7d-48fd-9a15-8de162dfa3af</xr:TypeId>
				<xr:ValueId>02f65930-f4a6-4b63-b0a8-943c217fa428</xr:ValueId>
			</xr:GeneratedType>
			<xr:GeneratedType name="CatalogList.Назначения" category="List">
				<xr:TypeId>f4e3919f-8f61-46be-a69a-6e727359a978</xr:TypeId>
				<xr:ValueId>5d635104-3111-4177-a543-5ba4ba4c43de</xr:ValueId>
			</xr:GeneratedType>
			<xr:GeneratedType name="CatalogManager.Назначения" category="Manager">
				<xr:TypeId>6bb7681f-92cc-4fd5-84a5-017ff7b4316c</xr:TypeId>
				<xr:ValueId>d2a292fa-e17a-4ac7-93dd-c3d2a0af71b9</xr:ValueId>
			</xr:GeneratedType>
		</InternalInfo>
		<Properties>
			<ObjectBelonging>Adopted</ObjectBelonging>
			<Name>Назначения</Name>
			<Comment/>
			<ExtendedConfigurationObject>b861d222-a111-47b8-b5f4-45982f11877c</ExtendedConfigurationObject>
		</Properties>
		<ChildObjects/>
	</Catalog>
</MetaDataObject>