﻿<?xml version="1.0" encoding="UTF-8"?>
<MetaDataObject xmlns="http://v8.1c.ru/8.3/MDClasses" xmlns:app="http://v8.1c.ru/8.2/managed-application/core" xmlns:cfg="http://v8.1c.ru/8.1/data/enterprise/current-config" xmlns:cmi="http://v8.1c.ru/8.2/managed-application/cmi" xmlns:ent="http://v8.1c.ru/8.1/data/enterprise" xmlns:lf="http://v8.1c.ru/8.2/managed-application/logform" xmlns:style="http://v8.1c.ru/8.1/data/ui/style" xmlns:sys="http://v8.1c.ru/8.1/data/ui/fonts/system" xmlns:v8="http://v8.1c.ru/8.1/data/core" xmlns:v8ui="http://v8.1c.ru/8.1/data/ui" xmlns:web="http://v8.1c.ru/8.1/data/ui/colors/web" xmlns:win="http://v8.1c.ru/8.1/data/ui/colors/windows" xmlns:xen="http://v8.1c.ru/8.3/xcf/enums" xmlns:xpr="http://v8.1c.ru/8.3/xcf/predef" xmlns:xr="http://v8.1c.ru/8.3/xcf/readable" xmlns:xs="http://www.w3.org/2001/XMLSchema" xmlns:xsi="http://www.w3.org/2001/XMLSchema-instance" version="2.20">
	<Catalog uuid="3bc5c6cb-74d9-43be-881a-01829cc5cb1e">
		<InternalInfo>
			<xr:GeneratedType name="CatalogObject.СоглашенияСПоставщиками" category="Object">
				<xr:TypeId>33aebff3-5426-47de-a409-de9ce9f9b550</xr:TypeId>
				<xr:ValueId>f4ba0140-6a0b-4caf-8707-7d339549febe</xr:ValueId>
			</xr:GeneratedType>
			<xr:GeneratedType name="CatalogRef.СоглашенияСПоставщиками" category="Ref">
				<xr:TypeId>a6b7a56d-c991-4128-a9c9-daeec054b19b</xr:TypeId>
				<xr:ValueId>1843f62f-cb77-433b-b316-6c3d8b7f2a19</xr:ValueId>
			</xr:GeneratedType>
			<xr:GeneratedType name="CatalogSelection.СоглашенияСПоставщиками" category="Selection">
				<xr:TypeId>c1cdfae4-5202-49b4-bbe4-2a7b74e8aac5</xr:TypeId>
				<xr:ValueId>94b76964-a49a-4c96-b139-99bb039fd817</xr:ValueId>
			</xr:GeneratedType>
			<xr:GeneratedType name="CatalogList.СоглашенияСПоставщиками" category="List">
				<xr:TypeId>ac7f731a-41c7-4ef9-a5e2-b04d04adb304</xr:TypeId>
				<xr:ValueId>62cb5465-2cb8-47c5-83c0-2cccbee87e14</xr:ValueId>
			</xr:GeneratedType>
			<xr:GeneratedType name="CatalogManager.СоглашенияСПоставщиками" category="Manager">
				<xr:TypeId>82db40e2-077c-4897-a687-ab62ee97d902</xr:TypeId>
				<xr:ValueId>cab57cfb-d4f3-4879-be4b-d66e104eee43</xr:ValueId>
			</xr:GeneratedType>
		</InternalInfo>
		<Properties>
			<ObjectBelonging>Adopted</ObjectBelonging>
			<Name>СоглашенияСПоставщиками</Name>
			<Comment/>
			<ExtendedConfigurationObject>04fbd094-37cc-4115-9af5-dd30866902f6</ExtendedConfigurationObject>
		</Properties>
		<ChildObjects>
			<Attribute uuid="462a3631-61e5-4419-9027-a7bf102b2d5a">
				<Properties>
					<Name>B1_СтавкаНДС</Name>
					<Synonym>
						<v8:item>
							<v8:lang>ru</v8:lang>
							<v8:content>Cтавка НДС</v8:content>
						</v8:item>
					</Synonym>
					<Comment/>
					<Type>
						<v8:Type>cfg:CatalogRef.СтавкиНДС</v8:Type>
					</Type>
					<PasswordMode>false</PasswordMode>
					<Format/>
					<EditFormat/>
					<ToolTip>
						<v8:item>
							<v8:lang>ru</v8:lang>
							<v8:content>Определяется ставка НДС товара или услуги</v8:content>
						</v8:item>
					</ToolTip>
					<MarkNegatives>false</MarkNegatives>
					<Mask/>
					<MultiLine>false</MultiLine>
					<ExtendedEdit>false</ExtendedEdit>
					<MinValue xsi:nil="true"/>
					<MaxValue xsi:nil="true"/>
					<FillFromFillingValue>true</FillFromFillingValue>
					<FillValue xsi:nil="true"/>
					<FillChecking>DontCheck</FillChecking>
					<ChoiceFoldersAndItems>Items</ChoiceFoldersAndItems>
					<ChoiceParameterLinks/>
					<ChoiceParameters/>
					<QuickChoice>Auto</QuickChoice>
					<CreateOnInput>Auto</CreateOnInput>
					<ChoiceForm/>
					<LinkByType/>
					<ChoiceHistoryOnInput>Auto</ChoiceHistoryOnInput>
					<Use>ForItem</Use>
					<Indexing>DontIndex</Indexing>
					<FullTextSearch>Use</FullTextSearch>
					<DataHistory>Use</DataHistory>
				</Properties>
			</Attribute>
			<Form>ФормаЭлемента</Form>
		</ChildObjects>
	</Catalog>
</MetaDataObject>