﻿<?xml version="1.0" encoding="UTF-8"?>
<MetaDataObject xmlns="http://v8.1c.ru/8.3/MDClasses" xmlns:app="http://v8.1c.ru/8.2/managed-application/core" xmlns:cfg="http://v8.1c.ru/8.1/data/enterprise/current-config" xmlns:cmi="http://v8.1c.ru/8.2/managed-application/cmi" xmlns:ent="http://v8.1c.ru/8.1/data/enterprise" xmlns:lf="http://v8.1c.ru/8.2/managed-application/logform" xmlns:style="http://v8.1c.ru/8.1/data/ui/style" xmlns:sys="http://v8.1c.ru/8.1/data/ui/fonts/system" xmlns:v8="http://v8.1c.ru/8.1/data/core" xmlns:v8ui="http://v8.1c.ru/8.1/data/ui" xmlns:web="http://v8.1c.ru/8.1/data/ui/colors/web" xmlns:win="http://v8.1c.ru/8.1/data/ui/colors/windows" xmlns:xen="http://v8.1c.ru/8.3/xcf/enums" xmlns:xpr="http://v8.1c.ru/8.3/xcf/predef" xmlns:xr="http://v8.1c.ru/8.3/xcf/readable" xmlns:xs="http://www.w3.org/2001/XMLSchema" xmlns:xsi="http://www.w3.org/2001/XMLSchema-instance" version="2.20">
	<Catalog uuid="ea51e8b7-48f2-4aca-8993-827887603120">
		<InternalInfo>
			<xr:GeneratedType name="CatalogObject.УпаковкиЕдиницыИзмерения" category="Object">
				<xr:TypeId>8d7a90ef-079a-4571-bca8-8cfc2dd587d6</xr:TypeId>
				<xr:ValueId>e098f7b9-8e43-4cf2-bae2-174bd1fd8ea3</xr:ValueId>
			</xr:GeneratedType>
			<xr:GeneratedType name="CatalogRef.УпаковкиЕдиницыИзмерения" category="Ref">
				<xr:TypeId>bac34bc4-0668-4c23-8c87-b9f016fe4adb</xr:TypeId>
				<xr:ValueId>3ec26974-2861-43d1-9c17-83f9fa5738f0</xr:ValueId>
			</xr:GeneratedType>
			<xr:GeneratedType name="CatalogSelection.УпаковкиЕдиницыИзмерения" category="Selection">
				<xr:TypeId>2cfab262-93e6-4750-91cd-6f74beee1c6e</xr:TypeId>
				<xr:ValueId>c5ea9d94-54c5-4833-8caf-13c45dbaba9c</xr:ValueId>
			</xr:GeneratedType>
			<xr:GeneratedType name="CatalogList.УпаковкиЕдиницыИзмерения" category="List">
				<xr:TypeId>bc54d657-286e-487a-affc-24cda0ef1989</xr:TypeId>
				<xr:ValueId>95add1f6-36fb-4f59-896a-dd0489e4befa</xr:ValueId>
			</xr:GeneratedType>
			<xr:GeneratedType name="CatalogManager.УпаковкиЕдиницыИзмерения" category="Manager">
				<xr:TypeId>e25bc038-f7fd-4afc-b3f6-0241458ffc0f</xr:TypeId>
				<xr:ValueId>6866ab61-c428-454b-8493-03bbb8ec2ea4</xr:ValueId>
			</xr:GeneratedType>
		</InternalInfo>
		<Properties>
			<ObjectBelonging>Adopted</ObjectBelonging>
			<Name>УпаковкиЕдиницыИзмерения</Name>
			<Comment/>
			<ExtendedConfigurationObject>c9cda7a7-da6f-4830-800a-70e77e3f6e9d</ExtendedConfigurationObject>
		</Properties>
		<ChildObjects/>
	</Catalog>
</MetaDataObject>