﻿<?xml version="1.0" encoding="UTF-8"?>
<MetaDataObject xmlns="http://v8.1c.ru/8.3/MDClasses" xmlns:app="http://v8.1c.ru/8.2/managed-application/core" xmlns:cfg="http://v8.1c.ru/8.1/data/enterprise/current-config" xmlns:cmi="http://v8.1c.ru/8.2/managed-application/cmi" xmlns:ent="http://v8.1c.ru/8.1/data/enterprise" xmlns:lf="http://v8.1c.ru/8.2/managed-application/logform" xmlns:style="http://v8.1c.ru/8.1/data/ui/style" xmlns:sys="http://v8.1c.ru/8.1/data/ui/fonts/system" xmlns:v8="http://v8.1c.ru/8.1/data/core" xmlns:v8ui="http://v8.1c.ru/8.1/data/ui" xmlns:web="http://v8.1c.ru/8.1/data/ui/colors/web" xmlns:win="http://v8.1c.ru/8.1/data/ui/colors/windows" xmlns:xen="http://v8.1c.ru/8.3/xcf/enums" xmlns:xpr="http://v8.1c.ru/8.3/xcf/predef" xmlns:xr="http://v8.1c.ru/8.3/xcf/readable" xmlns:xs="http://www.w3.org/2001/XMLSchema" xmlns:xsi="http://www.w3.org/2001/XMLSchema-instance" version="2.20">
	<Catalog uuid="d0a9cd4a-c041-4a88-b83e-a751cb44b771">
		<InternalInfo>
			<xr:GeneratedType name="CatalogObject.Склады" category="Object">
				<xr:TypeId>3726d1bd-2dc3-492e-9260-641079376587</xr:TypeId>
				<xr:ValueId>1cc3ac2f-c82e-4de0-bce5-82387f492195</xr:ValueId>
			</xr:GeneratedType>
			<xr:GeneratedType name="CatalogRef.Склады" category="Ref">
				<xr:TypeId>f86267f2-acc6-4c71-a030-ff517b9d1c6d</xr:TypeId>
				<xr:ValueId>d8fc7843-5ef9-4372-8bee-90eeb8a0f50f</xr:ValueId>
			</xr:GeneratedType>
			<xr:GeneratedType name="CatalogSelection.Склады" category="Selection">
				<xr:TypeId>0f8d2483-8c37-456b-aa49-71cbe0de388e</xr:TypeId>
				<xr:ValueId>475c82a6-f14a-4a1b-a1c8-8e8f0a56e609</xr:ValueId>
			</xr:GeneratedType>
			<xr:GeneratedType name="CatalogList.Склады" category="List">
				<xr:TypeId>d02578a2-10b8-4b36-8515-e4551e16e812</xr:TypeId>
				<xr:ValueId>899b7cff-65c4-438e-99d9-1e0511ab315f</xr:ValueId>
			</xr:GeneratedType>
			<xr:GeneratedType name="CatalogManager.Склады" category="Manager">
				<xr:TypeId>cf3adbda-8405-492b-9c20-93ba8364173f</xr:TypeId>
				<xr:ValueId>31829759-9ae7-4c7c-9bbd-fb50c63a4dfa</xr:ValueId>
			</xr:GeneratedType>
		</InternalInfo>
		<Properties>
			<ObjectBelonging>Adopted</ObjectBelonging>
			<Name>Склады</Name>
			<Comment/>
			<ExtendedConfigurationObject>07b3c407-9a3a-4f94-b798-226c96d66840</ExtendedConfigurationObject>
		</Properties>
		<ChildObjects/>
	</Catalog>
</MetaDataObject>