﻿<?xml version="1.0" encoding="UTF-8"?>
<MetaDataObject xmlns="http://v8.1c.ru/8.3/MDClasses" xmlns:app="http://v8.1c.ru/8.2/managed-application/core" xmlns:cfg="http://v8.1c.ru/8.1/data/enterprise/current-config" xmlns:cmi="http://v8.1c.ru/8.2/managed-application/cmi" xmlns:ent="http://v8.1c.ru/8.1/data/enterprise" xmlns:lf="http://v8.1c.ru/8.2/managed-application/logform" xmlns:style="http://v8.1c.ru/8.1/data/ui/style" xmlns:sys="http://v8.1c.ru/8.1/data/ui/fonts/system" xmlns:v8="http://v8.1c.ru/8.1/data/core" xmlns:v8ui="http://v8.1c.ru/8.1/data/ui" xmlns:web="http://v8.1c.ru/8.1/data/ui/colors/web" xmlns:win="http://v8.1c.ru/8.1/data/ui/colors/windows" xmlns:xen="http://v8.1c.ru/8.3/xcf/enums" xmlns:xpr="http://v8.1c.ru/8.3/xcf/predef" xmlns:xr="http://v8.1c.ru/8.3/xcf/readable" xmlns:xs="http://www.w3.org/2001/XMLSchema" xmlns:xsi="http://www.w3.org/2001/XMLSchema-instance" version="2.20">
	<Catalog uuid="d3a0a6e8-ad11-4b16-a2c7-91dfa10643e6">
		<InternalInfo>
			<xr:GeneratedType name="CatalogObject.КлючиАналитикиУчетаНоменклатуры" category="Object">
				<xr:TypeId>0ac57cc7-795e-4016-8340-b72d21b3e0cc</xr:TypeId>
				<xr:ValueId>4ea6bb48-ac8e-4442-9a67-3a04b4008360</xr:ValueId>
			</xr:GeneratedType>
			<xr:GeneratedType name="CatalogRef.КлючиАналитикиУчетаНоменклатуры" category="Ref">
				<xr:TypeId>ab3dd2fa-9124-422f-9c29-a0661fc3002a</xr:TypeId>
				<xr:ValueId>d48fb274-06a5-4177-9ea2-be99ad60edaa</xr:ValueId>
			</xr:GeneratedType>
			<xr:GeneratedType name="CatalogSelection.КлючиАналитикиУчетаНоменклатуры" category="Selection">
				<xr:TypeId>be02e837-10e8-43d7-8d89-06f77e6d8a9e</xr:TypeId>
				<xr:ValueId>383d4b2b-160b-4b2c-9e32-d7db726cac19</xr:ValueId>
			</xr:GeneratedType>
			<xr:GeneratedType name="CatalogList.КлючиАналитикиУчетаНоменклатуры" category="List">
				<xr:TypeId>23dacb07-8926-4f9b-8968-5ee869e8582a</xr:TypeId>
				<xr:ValueId>6499f36f-4b60-466f-ab71-1cd260ab070b</xr:ValueId>
			</xr:GeneratedType>
			<xr:GeneratedType name="CatalogManager.КлючиАналитикиУчетаНоменклатуры" category="Manager">
				<xr:TypeId>255dc7e4-3f2a-4c19-b6fc-3e7a82c03836</xr:TypeId>
				<xr:ValueId>341d7af0-f4cd-463f-8c36-89d50911763b</xr:ValueId>
			</xr:GeneratedType>
		</InternalInfo>
		<Properties>
			<ObjectBelonging>Adopted</ObjectBelonging>
			<Name>КлючиАналитикиУчетаНоменклатуры</Name>
			<Comment/>
			<ExtendedConfigurationObject>16147cb5-b2fd-4e31-b481-8cc3e96b4ae0</ExtendedConfigurationObject>
		</Properties>
		<ChildObjects/>
	</Catalog>
</MetaDataObject>