﻿<?xml version="1.0" encoding="UTF-8"?>
<MetaDataObject xmlns="http://v8.1c.ru/8.3/MDClasses" xmlns:app="http://v8.1c.ru/8.2/managed-application/core" xmlns:cfg="http://v8.1c.ru/8.1/data/enterprise/current-config" xmlns:cmi="http://v8.1c.ru/8.2/managed-application/cmi" xmlns:ent="http://v8.1c.ru/8.1/data/enterprise" xmlns:lf="http://v8.1c.ru/8.2/managed-application/logform" xmlns:style="http://v8.1c.ru/8.1/data/ui/style" xmlns:sys="http://v8.1c.ru/8.1/data/ui/fonts/system" xmlns:v8="http://v8.1c.ru/8.1/data/core" xmlns:v8ui="http://v8.1c.ru/8.1/data/ui" xmlns:web="http://v8.1c.ru/8.1/data/ui/colors/web" xmlns:win="http://v8.1c.ru/8.1/data/ui/colors/windows" xmlns:xen="http://v8.1c.ru/8.3/xcf/enums" xmlns:xpr="http://v8.1c.ru/8.3/xcf/predef" xmlns:xr="http://v8.1c.ru/8.3/xcf/readable" xmlns:xs="http://www.w3.org/2001/XMLSchema" xmlns:xsi="http://www.w3.org/2001/XMLSchema-instance" version="2.20">
	<Catalog uuid="57e6ae58-c5ec-4691-ba47-01b845fb8989">
		<InternalInfo>
			<xr:GeneratedType name="CatalogObject.БанковскиеСчетаКонтрагентов" category="Object">
				<xr:TypeId>f732e82d-8bb4-47e4-852c-615adbe595a5</xr:TypeId>
				<xr:ValueId>8ea1800a-70bf-4a61-971f-01b6f1bdecea</xr:ValueId>
			</xr:GeneratedType>
			<xr:GeneratedType name="CatalogRef.БанковскиеСчетаКонтрагентов" category="Ref">
				<xr:TypeId>ac061cf4-729e-4ad1-9b09-97f44c4cec72</xr:TypeId>
				<xr:ValueId>91b9467c-412d-49ab-93fb-01e94b131b8d</xr:ValueId>
			</xr:GeneratedType>
			<xr:GeneratedType name="CatalogSelection.БанковскиеСчетаКонтрагентов" category="Selection">
				<xr:TypeId>a7423141-d779-4d24-856f-868e6b37fbba</xr:TypeId>
				<xr:ValueId>02ad61e2-8d56-49c3-ad96-1ba6f9b7e712</xr:ValueId>
			</xr:GeneratedType>
			<xr:GeneratedType name="CatalogList.БанковскиеСчетаКонтрагентов" category="List">
				<xr:TypeId>8d9c1bdb-2804-4721-9faf-c0af09e1e1d3</xr:TypeId>
				<xr:ValueId>d1b66772-8adc-4e1f-b21d-84e55d09d6fc</xr:ValueId>
			</xr:GeneratedType>
			<xr:GeneratedType name="CatalogManager.БанковскиеСчетаКонтрагентов" category="Manager">
				<xr:TypeId>7b55b1f3-95c8-43b2-93cd-b64d78fadf80</xr:TypeId>
				<xr:ValueId>addf6e56-c69f-4579-8fe2-e65bd6732d0a</xr:ValueId>
			</xr:GeneratedType>
		</InternalInfo>
		<Properties>
			<ObjectBelonging>Adopted</ObjectBelonging>
			<Name>БанковскиеСчетаКонтрагентов</Name>
			<Comment/>
			<ExtendedConfigurationObject>aee671cc-5f58-44cc-b0d2-7aa0c28afdb0</ExtendedConfigurationObject>
		</Properties>
		<ChildObjects/>
	</Catalog>
</MetaDataObject>