﻿<?xml version="1.0" encoding="UTF-8"?>
<MetaDataObject xmlns="http://v8.1c.ru/8.3/MDClasses" xmlns:app="http://v8.1c.ru/8.2/managed-application/core" xmlns:cfg="http://v8.1c.ru/8.1/data/enterprise/current-config" xmlns:cmi="http://v8.1c.ru/8.2/managed-application/cmi" xmlns:ent="http://v8.1c.ru/8.1/data/enterprise" xmlns:lf="http://v8.1c.ru/8.2/managed-application/logform" xmlns:style="http://v8.1c.ru/8.1/data/ui/style" xmlns:sys="http://v8.1c.ru/8.1/data/ui/fonts/system" xmlns:v8="http://v8.1c.ru/8.1/data/core" xmlns:v8ui="http://v8.1c.ru/8.1/data/ui" xmlns:web="http://v8.1c.ru/8.1/data/ui/colors/web" xmlns:win="http://v8.1c.ru/8.1/data/ui/colors/windows" xmlns:xen="http://v8.1c.ru/8.3/xcf/enums" xmlns:xpr="http://v8.1c.ru/8.3/xcf/predef" xmlns:xr="http://v8.1c.ru/8.3/xcf/readable" xmlns:xs="http://www.w3.org/2001/XMLSchema" xmlns:xsi="http://www.w3.org/2001/XMLSchema-instance" version="2.20">
	<Catalog uuid="ff71f72f-6b37-4384-8630-0fdfbfdbb888">
		<InternalInfo>
			<xr:GeneratedType name="CatalogObject.ВариантыКомплектацииНоменклатуры" category="Object">
				<xr:TypeId>d536cf79-0020-4775-a93a-045d0a0412b2</xr:TypeId>
				<xr:ValueId>09c77abf-ba8f-46cb-9a38-89a661319555</xr:ValueId>
			</xr:GeneratedType>
			<xr:GeneratedType name="CatalogRef.ВариантыКомплектацииНоменклатуры" category="Ref">
				<xr:TypeId>51423310-a882-424f-bf25-45cfc7364f57</xr:TypeId>
				<xr:ValueId>190a8a10-8f47-45c6-a169-dd0573b7a6d3</xr:ValueId>
			</xr:GeneratedType>
			<xr:GeneratedType name="CatalogSelection.ВариантыКомплектацииНоменклатуры" category="Selection">
				<xr:TypeId>36973af1-6ebd-43b3-9ea7-5bc13df38a04</xr:TypeId>
				<xr:ValueId>34683e3f-8e90-4247-bce8-58edb981a96d</xr:ValueId>
			</xr:GeneratedType>
			<xr:GeneratedType name="CatalogList.ВариантыКомплектацииНоменклатуры" category="List">
				<xr:TypeId>a62045e5-77f5-48e0-ac8d-8c576dbe28ff</xr:TypeId>
				<xr:ValueId>6e013a3f-5e47-461c-a92b-affe9dcff6ba</xr:ValueId>
			</xr:GeneratedType>
			<xr:GeneratedType name="CatalogManager.ВариантыКомплектацииНоменклатуры" category="Manager">
				<xr:TypeId>deb53f1b-8531-424f-9004-9cb6f569c75c</xr:TypeId>
				<xr:ValueId>fa3a19aa-ae5e-4f90-bda4-26759bedd7ee</xr:ValueId>
			</xr:GeneratedType>
		</InternalInfo>
		<Properties>
			<ObjectBelonging>Adopted</ObjectBelonging>
			<Name>ВариантыКомплектацииНоменклатуры</Name>
			<Comment/>
			<ExtendedConfigurationObject>1ce49200-30ea-44d6-97f7-390bc2c5dee9</ExtendedConfigurationObject>
			<Owners>
				<xr:Item xsi:type="xr:MDObjectRef">Catalog.Номенклатура</xr:Item>
			</Owners>
			<DescriptionLength>100</DescriptionLength>
		</Properties>
		<ChildObjects>
			<Attribute uuid="6ae0cea3-d20e-4289-b09a-762a420dc715">
				<InternalInfo/>
				<Properties>
					<ObjectBelonging>Adopted</ObjectBelonging>
					<Name>Упаковка</Name>
					<Comment/>
					<ExtendedConfigurationObject>1db34113-be45-4e79-b401-d21d17d16e83</ExtendedConfigurationObject>
					<Type>
						<v8:Type>cfg:CatalogRef.УпаковкиЕдиницыИзмерения</v8:Type>
					</Type>
				</Properties>
			</Attribute>
			<Attribute uuid="87647419-cc75-4e96-8f31-e7648bf123b2">
				<InternalInfo/>
				<Properties>
					<ObjectBelonging>Adopted</ObjectBelonging>
					<Name>НоменклатураОсновногоКомпонента</Name>
					<Comment/>
					<ExtendedConfigurationObject>1bf38cc0-6028-43e5-b7e4-5b436b192b77</ExtendedConfigurationObject>
					<Type>
						<v8:Type>cfg:CatalogRef.Номенклатура</v8:Type>
					</Type>
				</Properties>
			</Attribute>
			<Attribute uuid="f3d83f9e-a224-4636-834a-f18175112c32">
				<InternalInfo/>
				<Properties>
					<ObjectBelonging>Adopted</ObjectBelonging>
					<Name>КоличествоУпаковок</Name>
					<Comment/>
					<ExtendedConfigurationObject>a0f99510-4970-4fe9-895d-ab45c5db2e30</ExtendedConfigurationObject>
					<Type>
						<v8:Type>xs:decimal</v8:Type>
						<v8:NumberQualifiers>
							<v8:Digits>15</v8:Digits>
							<v8:FractionDigits>3</v8:FractionDigits>
							<v8:AllowedSign>Nonnegative</v8:AllowedSign>
						</v8:NumberQualifiers>
					</Type>
				</Properties>
			</Attribute>
			<Attribute uuid="3b278d96-f9ac-4833-998f-012f07bae461">
				<InternalInfo/>
				<Properties>
					<ObjectBelonging>Adopted</ObjectBelonging>
					<Name>Основной</Name>
					<Comment/>
					<ExtendedConfigurationObject>d12fbc71-4c06-46ae-b809-50cf5da7a46c</ExtendedConfigurationObject>
					<Type>
						<v8:Type>xs:boolean</v8:Type>
					</Type>
				</Properties>
			</Attribute>
			<Attribute uuid="3a39e066-4037-4e98-a9ae-3e236e009e83">
				<InternalInfo/>
				<Properties>
					<ObjectBelonging>Adopted</ObjectBelonging>
					<Name>Характеристика</Name>
					<Comment/>
					<ExtendedConfigurationObject>d3b62f06-d4bb-4174-a2c4-5a4620fb19c5</ExtendedConfigurationObject>
					<Type>
						<v8:Type>cfg:CatalogRef.ХарактеристикиНоменклатуры</v8:Type>
					</Type>
				</Properties>
			</Attribute>
			<Attribute uuid="c3bcd3e8-d4f7-4e48-9594-aa358118dbc7">
				<InternalInfo/>
				<Properties>
					<ObjectBelonging>Adopted</ObjectBelonging>
					<Name>ДлительностьСборкиРазборки</Name>
					<Comment/>
					<ExtendedConfigurationObject>814ff0d9-75e6-43ac-9245-efbe53c1a631</ExtendedConfigurationObject>
					<Type>
						<v8:Type>xs:decimal</v8:Type>
						<v8:NumberQualifiers>
							<v8:Digits>3</v8:Digits>
							<v8:FractionDigits>0</v8:FractionDigits>
							<v8:AllowedSign>Nonnegative</v8:AllowedSign>
						</v8:NumberQualifiers>
					</Type>
				</Properties>
			</Attribute>
			<TabularSection uuid="f5b5b0e0-2f47-40cc-a5a3-2ab37f4753c0">
				<InternalInfo>
					<xr:GeneratedType name="CatalogTabularSection.ВариантыКомплектацииНоменклатуры.Товары" category="TabularSection">
						<xr:TypeId>7e8d4a3b-101f-4fce-a80b-92d2a5d03654</xr:TypeId>
						<xr:ValueId>946bb385-a33c-4473-9052-ad7bac45b4d7</xr:ValueId>
					</xr:GeneratedType>
					<xr:GeneratedType name="CatalogTabularSectionRow.ВариантыКомплектацииНоменклатуры.Товары" category="TabularSectionRow">
						<xr:TypeId>a2a0c944-8d29-4235-a039-33e74b7fe9a4</xr:TypeId>
						<xr:ValueId>d2665b12-0dc5-40e4-925e-8ee6388ca6ab</xr:ValueId>
					</xr:GeneratedType>
				</InternalInfo>
				<Properties>
					<ObjectBelonging>Adopted</ObjectBelonging>
					<Name>Товары</Name>
					<Comment/>
					<ExtendedConfigurationObject>354a86ec-cf4f-4299-a60e-80a77f619e67</ExtendedConfigurationObject>
				</Properties>
				<ChildObjects>
					<Attribute uuid="e08ac145-f201-43a3-9791-c1ba0a41aeb6">
						<InternalInfo/>
						<Properties>
							<ObjectBelonging>Adopted</ObjectBelonging>
							<Name>Номенклатура</Name>
							<Comment/>
							<ExtendedConfigurationObject>5f89eb00-a169-4f6d-b578-df09d9d8a64e</ExtendedConfigurationObject>
							<Type>
								<v8:Type>cfg:CatalogRef.Номенклатура</v8:Type>
							</Type>
						</Properties>
					</Attribute>
					<Attribute uuid="5d787632-52d5-49c8-a384-9f9be43ce92a">
						<InternalInfo/>
						<Properties>
							<ObjectBelonging>Adopted</ObjectBelonging>
							<Name>Характеристика</Name>
							<Comment/>
							<ExtendedConfigurationObject>9f17c2b4-7277-4f7b-8dd1-409ecba6848f</ExtendedConfigurationObject>
							<Type>
								<v8:Type>cfg:CatalogRef.ХарактеристикиНоменклатуры</v8:Type>
							</Type>
						</Properties>
					</Attribute>
					<Attribute uuid="abede67f-29e8-49ce-8307-fca4d934b9cb">
						<InternalInfo/>
						<Properties>
							<ObjectBelonging>Adopted</ObjectBelonging>
							<Name>Упаковка</Name>
							<Comment/>
							<ExtendedConfigurationObject>89be4936-f4ef-4a03-84cf-c27217b6cba4</ExtendedConfigurationObject>
							<Type>
								<v8:Type>cfg:CatalogRef.УпаковкиЕдиницыИзмерения</v8:Type>
							</Type>
						</Properties>
					</Attribute>
					<Attribute uuid="0db77ce0-e319-4698-af8e-bfe31f5f4366">
						<InternalInfo/>
						<Properties>
							<ObjectBelonging>Adopted</ObjectBelonging>
							<Name>КоличествоУпаковок</Name>
							<Comment/>
							<ExtendedConfigurationObject>6219b3de-db0c-4d3e-b4f2-58419c6950a0</ExtendedConfigurationObject>
							<Type>
								<v8:Type>xs:decimal</v8:Type>
								<v8:NumberQualifiers>
									<v8:Digits>15</v8:Digits>
									<v8:FractionDigits>3</v8:FractionDigits>
									<v8:AllowedSign>Nonnegative</v8:AllowedSign>
								</v8:NumberQualifiers>
							</Type>
						</Properties>
					</Attribute>
					<Attribute uuid="7e7f8b61-5769-425d-a317-41cda6917ef3">
						<InternalInfo/>
						<Properties>
							<ObjectBelonging>Adopted</ObjectBelonging>
							<Name>ДоляСтоимости</Name>
							<Comment/>
							<ExtendedConfigurationObject>6f089d29-db58-4577-966e-b19048e606cd</ExtendedConfigurationObject>
							<Type>
								<v8:Type>xs:decimal</v8:Type>
								<v8:NumberQualifiers>
									<v8:Digits>10</v8:Digits>
									<v8:FractionDigits>0</v8:FractionDigits>
									<v8:AllowedSign>Nonnegative</v8:AllowedSign>
								</v8:NumberQualifiers>
							</Type>
						</Properties>
					</Attribute>
				</ChildObjects>
			</TabularSection>
			<TabularSection uuid="ee882dae-54a1-40c6-84b3-ee803c16e28d">
				<InternalInfo>
					<xr:GeneratedType name="CatalogTabularSection.ВариантыКомплектацииНоменклатуры.КомплектующиеУправленческие" category="TabularSection">
						<xr:TypeId>1c24fa0c-ef64-4e71-a294-01b4fa662200</xr:TypeId>
						<xr:ValueId>d1e13932-5537-42a1-ac37-4255ef0797af</xr:ValueId>
					</xr:GeneratedType>
					<xr:GeneratedType name="CatalogTabularSectionRow.ВариантыКомплектацииНоменклатуры.КомплектующиеУправленческие" category="TabularSectionRow">
						<xr:TypeId>4269d3ac-a7cd-4660-bfdf-b90fd2079e94</xr:TypeId>
						<xr:ValueId>b4d77f69-ba24-4a40-9c8c-755d3b5a8c8f</xr:ValueId>
					</xr:GeneratedType>
				</InternalInfo>
				<Properties>
					<Name>КомплектующиеУправленческие</Name>
					<Synonym>
						<v8:item>
							<v8:lang>ru</v8:lang>
							<v8:content>Комплектующие управленческие</v8:content>
						</v8:item>
					</Synonym>
					<Comment/>
					<ToolTip/>
					<FillChecking>DontCheck</FillChecking>
					<StandardAttributes>
						<xr:StandardAttribute name="LineNumber">
							<xr:LinkByType/>
							<xr:FillChecking>DontCheck</xr:FillChecking>
							<xr:MultiLine>false</xr:MultiLine>
							<xr:FillFromFillingValue>false</xr:FillFromFillingValue>
							<xr:CreateOnInput>Auto</xr:CreateOnInput>
							<xr:TypeReductionMode>TransformValues</xr:TypeReductionMode>
							<xr:MaxValue xsi:nil="true"/>
							<xr:ToolTip/>
							<xr:ExtendedEdit>false</xr:ExtendedEdit>
							<xr:Format/>
							<xr:ChoiceForm/>
							<xr:QuickChoice>Auto</xr:QuickChoice>
							<xr:ChoiceHistoryOnInput>Auto</xr:ChoiceHistoryOnInput>
							<xr:EditFormat/>
							<xr:PasswordMode>false</xr:PasswordMode>
							<xr:DataHistory>Use</xr:DataHistory>
							<xr:MarkNegatives>false</xr:MarkNegatives>
							<xr:MinValue xsi:nil="true"/>
							<xr:Synonym/>
							<xr:Comment/>
							<xr:FullTextSearch>Use</xr:FullTextSearch>
							<xr:ChoiceParameterLinks/>
							<xr:FillValue xsi:nil="true"/>
							<xr:Mask/>
							<xr:ChoiceParameters/>
						</xr:StandardAttribute>
					</StandardAttributes>
					<Use>ForItem</Use>
					<LineNumberLength>5</LineNumberLength>
				</Properties>
				<ChildObjects>
					<Attribute uuid="83722b4e-56e9-4836-88a7-27fa5e3fe49a">
						<Properties>
							<Name>Номенклатура</Name>
							<Synonym>
								<v8:item>
									<v8:lang>ru</v8:lang>
									<v8:content>Номенклатура</v8:content>
								</v8:item>
							</Synonym>
							<Comment/>
							<Type>
								<v8:Type>cfg:CatalogRef.Номенклатура</v8:Type>
							</Type>
							<PasswordMode>false</PasswordMode>
							<Format/>
							<EditFormat/>
							<ToolTip>
								<v8:item>
									<v8:lang>ru</v8:lang>
									<v8:content>Номенклатура компонента с видом Товар или Тара.</v8:content>
								</v8:item>
							</ToolTip>
							<MarkNegatives>false</MarkNegatives>
							<Mask/>
							<MultiLine>false</MultiLine>
							<ExtendedEdit>false</ExtendedEdit>
							<MinValue xsi:nil="true"/>
							<MaxValue xsi:nil="true"/>
							<FillChecking>ShowError</FillChecking>
							<ChoiceFoldersAndItems>Items</ChoiceFoldersAndItems>
							<ChoiceParameterLinks/>
							<ChoiceParameters>
								<app:item name="Отбор.ТипНоменклатуры">
									<app:value xsi:type="v8:FixedArray">
										<v8:Value xsi:type="xr:DesignTimeRef">Enum.ТипыНоменклатуры.EnumValue.Товар</v8:Value>
										<v8:Value xsi:type="xr:DesignTimeRef">Enum.ТипыНоменклатуры.EnumValue.МногооборотнаяТара</v8:Value>
									</app:value>
								</app:item>
							</ChoiceParameters>
							<QuickChoice>Auto</QuickChoice>
							<CreateOnInput>Auto</CreateOnInput>
							<ChoiceForm/>
							<LinkByType/>
							<ChoiceHistoryOnInput>Auto</ChoiceHistoryOnInput>
							<Indexing>DontIndex</Indexing>
							<FullTextSearch>Use</FullTextSearch>
							<DataHistory>Use</DataHistory>
						</Properties>
					</Attribute>
					<Attribute uuid="7432989e-644f-4506-b36a-4b83f2e7597d">
						<Properties>
							<Name>Характеристика</Name>
							<Synonym>
								<v8:item>
									<v8:lang>ru</v8:lang>
									<v8:content>Характеристика</v8:content>
								</v8:item>
							</Synonym>
							<Comment/>
							<Type>
								<v8:Type>cfg:CatalogRef.ХарактеристикиНоменклатуры</v8:Type>
							</Type>
							<PasswordMode>false</PasswordMode>
							<Format/>
							<EditFormat/>
							<ToolTip>
								<v8:item>
									<v8:lang>ru</v8:lang>
									<v8:content>Если у выбранной номенклатуры используются характеристики, то необходимо выбрать характеристику номенклатуры.</v8:content>
								</v8:item>
							</ToolTip>
							<MarkNegatives>false</MarkNegatives>
							<Mask/>
							<MultiLine>false</MultiLine>
							<ExtendedEdit>false</ExtendedEdit>
							<MinValue xsi:nil="true"/>
							<MaxValue xsi:nil="true"/>
							<FillChecking>DontCheck</FillChecking>
							<ChoiceFoldersAndItems>Items</ChoiceFoldersAndItems>
							<ChoiceParameterLinks>
								<xr:Link>
									<xr:Name>Номенклатура</xr:Name>
									<xr:DataPath xsi:type="xs:string">Catalog.ВариантыКомплектацииНоменклатуры.TabularSection.КомплектующиеУправленческие.Attribute.Номенклатура</xr:DataPath>
									<xr:ValueChange>Clear</xr:ValueChange>
								</xr:Link>
							</ChoiceParameterLinks>
							<ChoiceParameters/>
							<QuickChoice>Auto</QuickChoice>
							<CreateOnInput>Auto</CreateOnInput>
							<ChoiceForm/>
							<LinkByType/>
							<ChoiceHistoryOnInput>Auto</ChoiceHistoryOnInput>
							<Indexing>DontIndex</Indexing>
							<FullTextSearch>Use</FullTextSearch>
							<DataHistory>Use</DataHistory>
						</Properties>
					</Attribute>
					<Attribute uuid="5118364a-300e-4a7c-9332-f6226dafc67c">
						<Properties>
							<Name>Упаковка</Name>
							<Synonym>
								<v8:item>
									<v8:lang>ru</v8:lang>
									<v8:content>Упаковка</v8:content>
								</v8:item>
							</Synonym>
							<Comment/>
							<Type>
								<v8:Type>cfg:CatalogRef.УпаковкиЕдиницыИзмерения</v8:Type>
							</Type>
							<PasswordMode>false</PasswordMode>
							<Format/>
							<EditFormat/>
							<ToolTip>
								<v8:item>
									<v8:lang>ru</v8:lang>
									<v8:content>Если у выбранной номенклатуры используются упаковки, то можно выбрать упаковку номенклатуры.</v8:content>
								</v8:item>
							</ToolTip>
							<MarkNegatives>false</MarkNegatives>
							<Mask/>
							<MultiLine>false</MultiLine>
							<ExtendedEdit>false</ExtendedEdit>
							<MinValue xsi:nil="true"/>
							<MaxValue xsi:nil="true"/>
							<FillChecking>DontCheck</FillChecking>
							<ChoiceFoldersAndItems>Items</ChoiceFoldersAndItems>
							<ChoiceParameterLinks>
								<xr:Link>
									<xr:Name>Номенклатура</xr:Name>
									<xr:DataPath xsi:type="xs:string">Catalog.ВариантыКомплектацииНоменклатуры.TabularSection.КомплектующиеУправленческие.Attribute.Номенклатура</xr:DataPath>
									<xr:ValueChange>Clear</xr:ValueChange>
								</xr:Link>
							</ChoiceParameterLinks>
							<ChoiceParameters/>
							<QuickChoice>Auto</QuickChoice>
							<CreateOnInput>Auto</CreateOnInput>
							<ChoiceForm/>
							<LinkByType/>
							<ChoiceHistoryOnInput>Auto</ChoiceHistoryOnInput>
							<Indexing>DontIndex</Indexing>
							<FullTextSearch>Use</FullTextSearch>
							<DataHistory>Use</DataHistory>
						</Properties>
					</Attribute>
					<Attribute uuid="9fa51a9f-bcb2-4e95-bde8-1ae46596b101">
						<Properties>
							<Name>Количество</Name>
							<Synonym>
								<v8:item>
									<v8:lang>ru</v8:lang>
									<v8:content>Количество</v8:content>
								</v8:item>
							</Synonym>
							<Comment/>
							<Type>
								<v8:Type>xs:decimal</v8:Type>
								<v8:NumberQualifiers>
									<v8:Digits>15</v8:Digits>
									<v8:FractionDigits>3</v8:FractionDigits>
									<v8:AllowedSign>Nonnegative</v8:AllowedSign>
								</v8:NumberQualifiers>
							</Type>
							<PasswordMode>false</PasswordMode>
							<Format/>
							<EditFormat/>
							<ToolTip>
								<v8:item>
									<v8:lang>ru</v8:lang>
									<v8:content>Необходимо указать количество упаковок номенклатуры. Если для выбранной номенклатуры не используются упаковки, то следует указать количество единиц номенклатуры.</v8:content>
								</v8:item>
							</ToolTip>
							<MarkNegatives>false</MarkNegatives>
							<Mask/>
							<MultiLine>false</MultiLine>
							<ExtendedEdit>false</ExtendedEdit>
							<MinValue xsi:nil="true"/>
							<MaxValue xsi:nil="true"/>
							<FillChecking>ShowError</FillChecking>
							<ChoiceFoldersAndItems>Items</ChoiceFoldersAndItems>
							<ChoiceParameterLinks/>
							<ChoiceParameters/>
							<QuickChoice>Auto</QuickChoice>
							<CreateOnInput>Auto</CreateOnInput>
							<ChoiceForm/>
							<LinkByType/>
							<ChoiceHistoryOnInput>Auto</ChoiceHistoryOnInput>
							<Indexing>DontIndex</Indexing>
							<FullTextSearch>Use</FullTextSearch>
							<DataHistory>Use</DataHistory>
						</Properties>
					</Attribute>
				</ChildObjects>
			</TabularSection>
			<Form>ФормаЭлемента</Form>
		</ChildObjects>
	</Catalog>
</MetaDataObject>