﻿<?xml version="1.0" encoding="UTF-8"?>
<MetaDataObject xmlns="http://v8.1c.ru/8.3/MDClasses" xmlns:app="http://v8.1c.ru/8.2/managed-application/core" xmlns:cfg="http://v8.1c.ru/8.1/data/enterprise/current-config" xmlns:cmi="http://v8.1c.ru/8.2/managed-application/cmi" xmlns:ent="http://v8.1c.ru/8.1/data/enterprise" xmlns:lf="http://v8.1c.ru/8.2/managed-application/logform" xmlns:style="http://v8.1c.ru/8.1/data/ui/style" xmlns:sys="http://v8.1c.ru/8.1/data/ui/fonts/system" xmlns:v8="http://v8.1c.ru/8.1/data/core" xmlns:v8ui="http://v8.1c.ru/8.1/data/ui" xmlns:web="http://v8.1c.ru/8.1/data/ui/colors/web" xmlns:win="http://v8.1c.ru/8.1/data/ui/colors/windows" xmlns:xen="http://v8.1c.ru/8.3/xcf/enums" xmlns:xpr="http://v8.1c.ru/8.3/xcf/predef" xmlns:xr="http://v8.1c.ru/8.3/xcf/readable" xmlns:xs="http://www.w3.org/2001/XMLSchema" xmlns:xsi="http://www.w3.org/2001/XMLSchema-instance" version="2.20">
	<Catalog uuid="672385bd-9a0a-4929-93b6-e4d5f8dccb90">
		<InternalInfo>
			<xr:GeneratedType name="CatalogObject.СерииНоменклатуры" category="Object">
				<xr:TypeId>97b9431c-3534-48e0-a1ae-06fa56e3f5fc</xr:TypeId>
				<xr:ValueId>998d8c49-ea73-4681-b6c9-53fdc634ee8a</xr:ValueId>
			</xr:GeneratedType>
			<xr:GeneratedType name="CatalogRef.СерииНоменклатуры" category="Ref">
				<xr:TypeId>7b4eba4f-a7b3-47cc-b822-6f36d42cf1a0</xr:TypeId>
				<xr:ValueId>8e35c8c6-1c85-45cd-947c-7cc6a2707fba</xr:ValueId>
			</xr:GeneratedType>
			<xr:GeneratedType name="CatalogSelection.СерииНоменклатуры" category="Selection">
				<xr:TypeId>d017052d-203a-4341-a711-5c917a434430</xr:TypeId>
				<xr:ValueId>d8f221bd-d909-4c4a-9f49-947e0ab37777</xr:ValueId>
			</xr:GeneratedType>
			<xr:GeneratedType name="CatalogList.СерииНоменклатуры" category="List">
				<xr:TypeId>90323034-e305-4bb5-9031-acab7aa309cd</xr:TypeId>
				<xr:ValueId>b4758781-e67b-49fe-9108-d78b6e161a70</xr:ValueId>
			</xr:GeneratedType>
			<xr:GeneratedType name="CatalogManager.СерииНоменклатуры" category="Manager">
				<xr:TypeId>612f66a3-065e-4060-9002-f7d637e8aa20</xr:TypeId>
				<xr:ValueId>82d2ed02-b58e-4077-98ad-e915cf6d0612</xr:ValueId>
			</xr:GeneratedType>
		</InternalInfo>
		<Properties>
			<ObjectBelonging>Adopted</ObjectBelonging>
			<Name>СерииНоменклатуры</Name>
			<Comment/>
			<ExtendedConfigurationObject>8965f225-afbc-4ff7-ac96-b5f31f39e808</ExtendedConfigurationObject>
		</Properties>
		<ChildObjects/>
	</Catalog>
</MetaDataObject>