﻿<?xml version="1.0" encoding="UTF-8"?>
<MetaDataObject xmlns="http://v8.1c.ru/8.3/MDClasses" xmlns:app="http://v8.1c.ru/8.2/managed-application/core" xmlns:cfg="http://v8.1c.ru/8.1/data/enterprise/current-config" xmlns:cmi="http://v8.1c.ru/8.2/managed-application/cmi" xmlns:ent="http://v8.1c.ru/8.1/data/enterprise" xmlns:lf="http://v8.1c.ru/8.2/managed-application/logform" xmlns:style="http://v8.1c.ru/8.1/data/ui/style" xmlns:sys="http://v8.1c.ru/8.1/data/ui/fonts/system" xmlns:v8="http://v8.1c.ru/8.1/data/core" xmlns:v8ui="http://v8.1c.ru/8.1/data/ui" xmlns:web="http://v8.1c.ru/8.1/data/ui/colors/web" xmlns:win="http://v8.1c.ru/8.1/data/ui/colors/windows" xmlns:xen="http://v8.1c.ru/8.3/xcf/enums" xmlns:xpr="http://v8.1c.ru/8.3/xcf/predef" xmlns:xr="http://v8.1c.ru/8.3/xcf/readable" xmlns:xs="http://www.w3.org/2001/XMLSchema" xmlns:xsi="http://www.w3.org/2001/XMLSchema-instance" version="2.20">
	<Catalog uuid="e0f2c790-ee92-4484-abde-9f402a72ac9e">
		<InternalInfo>
			<xr:GeneratedType name="CatalogObject.Пользователи" category="Object">
				<xr:TypeId>1a9da3a3-2201-43e3-8718-e2e3ab4005a3</xr:TypeId>
				<xr:ValueId>c7f8cf43-c33f-4c38-9167-e4aee5bbd192</xr:ValueId>
			</xr:GeneratedType>
			<xr:GeneratedType name="CatalogRef.Пользователи" category="Ref">
				<xr:TypeId>17c84cbb-21e0-4f9b-a878-e739a7e8841c</xr:TypeId>
				<xr:ValueId>73e14eeb-3879-4629-b00c-d03982b09065</xr:ValueId>
			</xr:GeneratedType>
			<xr:GeneratedType name="CatalogSelection.Пользователи" category="Selection">
				<xr:TypeId>5310badd-f8d9-47f4-b373-25e91e37f076</xr:TypeId>
				<xr:ValueId>fdc77a6a-b2f1-4098-9c7a-42f1bd75eafb</xr:ValueId>
			</xr:GeneratedType>
			<xr:GeneratedType name="CatalogList.Пользователи" category="List">
				<xr:TypeId>3092ac4d-3241-4861-a044-b12354f51297</xr:TypeId>
				<xr:ValueId>185a0328-d1a3-4452-942b-757c1ab3cc66</xr:ValueId>
			</xr:GeneratedType>
			<xr:GeneratedType name="CatalogManager.Пользователи" category="Manager">
				<xr:TypeId>b672946c-119f-4888-b270-bcb43160945d</xr:TypeId>
				<xr:ValueId>dff5b0ba-4c06-4667-a0ab-216e12e8920e</xr:ValueId>
			</xr:GeneratedType>
		</InternalInfo>
		<Properties>
			<ObjectBelonging>Adopted</ObjectBelonging>
			<Name>Пользователи</Name>
			<Comment/>
			<ExtendedConfigurationObject>cffbf533-11c6-4206-9b8b-f7355cb63fd8</ExtendedConfigurationObject>
		</Properties>
		<ChildObjects/>
	</Catalog>
</MetaDataObject>