﻿<?xml version="1.0" encoding="UTF-8"?>
<MetaDataObject xmlns="http://v8.1c.ru/8.3/MDClasses" xmlns:app="http://v8.1c.ru/8.2/managed-application/core" xmlns:cfg="http://v8.1c.ru/8.1/data/enterprise/current-config" xmlns:cmi="http://v8.1c.ru/8.2/managed-application/cmi" xmlns:ent="http://v8.1c.ru/8.1/data/enterprise" xmlns:lf="http://v8.1c.ru/8.2/managed-application/logform" xmlns:style="http://v8.1c.ru/8.1/data/ui/style" xmlns:sys="http://v8.1c.ru/8.1/data/ui/fonts/system" xmlns:v8="http://v8.1c.ru/8.1/data/core" xmlns:v8ui="http://v8.1c.ru/8.1/data/ui" xmlns:web="http://v8.1c.ru/8.1/data/ui/colors/web" xmlns:win="http://v8.1c.ru/8.1/data/ui/colors/windows" xmlns:xen="http://v8.1c.ru/8.3/xcf/enums" xmlns:xpr="http://v8.1c.ru/8.3/xcf/predef" xmlns:xr="http://v8.1c.ru/8.3/xcf/readable" xmlns:xs="http://www.w3.org/2001/XMLSchema" xmlns:xsi="http://www.w3.org/2001/XMLSchema-instance" version="2.20">
	<Catalog uuid="2188d406-41e0-4071-8c2f-7f4972dda89a">
		<InternalInfo>
			<xr:GeneratedType name="CatalogObject.ДоговорыКонтрагентов" category="Object">
				<xr:TypeId>fa2ad0c3-9565-4871-a031-c56a38370018</xr:TypeId>
				<xr:ValueId>ab3c4c1b-9cda-4fc9-806c-babcf979b2a7</xr:ValueId>
			</xr:GeneratedType>
			<xr:GeneratedType name="CatalogRef.ДоговорыКонтрагентов" category="Ref">
				<xr:TypeId>54a65021-cd81-42c4-92cc-3b4184b804ca</xr:TypeId>
				<xr:ValueId>40b1c19c-c707-400e-a026-7b57c2d0e3f1</xr:ValueId>
			</xr:GeneratedType>
			<xr:GeneratedType name="CatalogSelection.ДоговорыКонтрагентов" category="Selection">
				<xr:TypeId>95c6a276-fca0-405c-bf42-25c081c643aa</xr:TypeId>
				<xr:ValueId>7e483219-a33c-44dd-9f51-2237c7da338d</xr:ValueId>
			</xr:GeneratedType>
			<xr:GeneratedType name="CatalogList.ДоговорыКонтрагентов" category="List">
				<xr:TypeId>910cc345-26e3-44b6-a95f-595595c898d2</xr:TypeId>
				<xr:ValueId>15b91857-dc5d-4446-9e24-e98b324c4f6a</xr:ValueId>
			</xr:GeneratedType>
			<xr:GeneratedType name="CatalogManager.ДоговорыКонтрагентов" category="Manager">
				<xr:TypeId>994f0094-9666-4f8e-813a-4446e83a1821</xr:TypeId>
				<xr:ValueId>70341857-d5f3-46c7-ad1f-26041663f1f3</xr:ValueId>
			</xr:GeneratedType>
		</InternalInfo>
		<Properties>
			<ObjectBelonging>Adopted</ObjectBelonging>
			<Name>ДоговорыКонтрагентов</Name>
			<Comment/>
			<ExtendedConfigurationObject>3404cb9a-92ea-42b9-9086-ad481dbc27d7</ExtendedConfigurationObject>
		</Properties>
		<ChildObjects>
			<Attribute uuid="498e893a-6413-469f-8fee-dff106bcd372">
				<Properties>
					<Name>ГозКонтракт</Name>
					<Synonym>
						<v8:item>
							<v8:lang>ru</v8:lang>
							<v8:content>ГОЗ контракт</v8:content>
						</v8:item>
					</Synonym>
					<Comment/>
					<Type>
						<v8:Type>cfg:DocumentRef.КонтрактыГОЗ</v8:Type>
					</Type>
					<PasswordMode>false</PasswordMode>
					<Format/>
					<EditFormat/>
					<ToolTip/>
					<MarkNegatives>false</MarkNegatives>
					<Mask/>
					<MultiLine>false</MultiLine>
					<ExtendedEdit>false</ExtendedEdit>
					<MinValue xsi:nil="true"/>
					<MaxValue xsi:nil="true"/>
					<FillFromFillingValue>false</FillFromFillingValue>
					<FillValue xsi:nil="true"/>
					<FillChecking>DontCheck</FillChecking>
					<ChoiceFoldersAndItems>Items</ChoiceFoldersAndItems>
					<ChoiceParameterLinks/>
					<ChoiceParameters/>
					<QuickChoice>Auto</QuickChoice>
					<CreateOnInput>Auto</CreateOnInput>
					<ChoiceForm/>
					<LinkByType/>
					<ChoiceHistoryOnInput>Auto</ChoiceHistoryOnInput>
					<Use>ForItem</Use>
					<Indexing>DontIndex</Indexing>
					<FullTextSearch>Use</FullTextSearch>
					<DataHistory>Use</DataHistory>
				</Properties>
			</Attribute>
			<Form>ФормаЭлемента</Form>
		</ChildObjects>
	</Catalog>
</MetaDataObject>