﻿<?xml version="1.0" encoding="UTF-8"?>
<MetaDataObject xmlns="http://v8.1c.ru/8.3/MDClasses" xmlns:app="http://v8.1c.ru/8.2/managed-application/core" xmlns:cfg="http://v8.1c.ru/8.1/data/enterprise/current-config" xmlns:cmi="http://v8.1c.ru/8.2/managed-application/cmi" xmlns:ent="http://v8.1c.ru/8.1/data/enterprise" xmlns:lf="http://v8.1c.ru/8.2/managed-application/logform" xmlns:style="http://v8.1c.ru/8.1/data/ui/style" xmlns:sys="http://v8.1c.ru/8.1/data/ui/fonts/system" xmlns:v8="http://v8.1c.ru/8.1/data/core" xmlns:v8ui="http://v8.1c.ru/8.1/data/ui" xmlns:web="http://v8.1c.ru/8.1/data/ui/colors/web" xmlns:win="http://v8.1c.ru/8.1/data/ui/colors/windows" xmlns:xen="http://v8.1c.ru/8.3/xcf/enums" xmlns:xpr="http://v8.1c.ru/8.3/xcf/predef" xmlns:xr="http://v8.1c.ru/8.3/xcf/readable" xmlns:xs="http://www.w3.org/2001/XMLSchema" xmlns:xsi="http://www.w3.org/2001/XMLSchema-instance" version="2.20">
	<Catalog uuid="7e1a4ed0-dc26-4349-8aed-5a5fbc3ff583">
		<InternalInfo>
			<xr:GeneratedType name="CatalogObject.Организации" category="Object">
				<xr:TypeId>6e2b41ae-87b2-46ae-860f-54174cbcfac6</xr:TypeId>
				<xr:ValueId>b8b43e8d-1228-40f1-8f94-4a6b266b97a6</xr:ValueId>
			</xr:GeneratedType>
			<xr:GeneratedType name="CatalogRef.Организации" category="Ref">
				<xr:TypeId>2e6118d7-3543-412b-9ed9-f3d5eca02c32</xr:TypeId>
				<xr:ValueId>d6339a7e-fa94-43f3-a8da-1fd4273dba29</xr:ValueId>
			</xr:GeneratedType>
			<xr:GeneratedType name="CatalogSelection.Организации" category="Selection">
				<xr:TypeId>d89ca987-f8a0-4267-8d4c-da78aa96fdda</xr:TypeId>
				<xr:ValueId>3cdc9c26-0c5f-44b4-8879-9079bb7bfd4f</xr:ValueId>
			</xr:GeneratedType>
			<xr:GeneratedType name="CatalogList.Организации" category="List">
				<xr:TypeId>79febf87-665c-460a-915a-4639118cb9aa</xr:TypeId>
				<xr:ValueId>cbe18de0-ab7d-4a5e-a9e0-e64453639a79</xr:ValueId>
			</xr:GeneratedType>
			<xr:GeneratedType name="CatalogManager.Организации" category="Manager">
				<xr:TypeId>b9959124-a4d4-4c76-8522-3f4bda57ff2c</xr:TypeId>
				<xr:ValueId>c9ea209d-3024-419b-b7da-041509015dc2</xr:ValueId>
			</xr:GeneratedType>
		</InternalInfo>
		<Properties>
			<ObjectBelonging>Adopted</ObjectBelonging>
			<Name>Организации</Name>
			<Comment/>
			<ExtendedConfigurationObject>35a6d3c8-3832-419f-81ef-fc7c113af6a4</ExtendedConfigurationObject>
		</Properties>
		<ChildObjects/>
	</Catalog>
</MetaDataObject>