﻿<?xml version="1.0" encoding="UTF-8"?>
<MetaDataObject xmlns="http://v8.1c.ru/8.3/MDClasses" xmlns:app="http://v8.1c.ru/8.2/managed-application/core" xmlns:cfg="http://v8.1c.ru/8.1/data/enterprise/current-config" xmlns:cmi="http://v8.1c.ru/8.2/managed-application/cmi" xmlns:ent="http://v8.1c.ru/8.1/data/enterprise" xmlns:lf="http://v8.1c.ru/8.2/managed-application/logform" xmlns:style="http://v8.1c.ru/8.1/data/ui/style" xmlns:sys="http://v8.1c.ru/8.1/data/ui/fonts/system" xmlns:v8="http://v8.1c.ru/8.1/data/core" xmlns:v8ui="http://v8.1c.ru/8.1/data/ui" xmlns:web="http://v8.1c.ru/8.1/data/ui/colors/web" xmlns:win="http://v8.1c.ru/8.1/data/ui/colors/windows" xmlns:xen="http://v8.1c.ru/8.3/xcf/enums" xmlns:xpr="http://v8.1c.ru/8.3/xcf/predef" xmlns:xr="http://v8.1c.ru/8.3/xcf/readable" xmlns:xs="http://www.w3.org/2001/XMLSchema" xmlns:xsi="http://www.w3.org/2001/XMLSchema-instance" version="2.20">
	<Catalog uuid="3f551aeb-39ed-44ac-bb11-8c8838f785d8">
		<InternalInfo>
			<xr:GeneratedType name="CatalogObject.Партнеры" category="Object">
				<xr:TypeId>8c41a0a8-0fb4-4a82-9c58-4d7a3e5cb23e</xr:TypeId>
				<xr:ValueId>65aa1dde-82e1-49a3-864d-61f33dbefcf6</xr:ValueId>
			</xr:GeneratedType>
			<xr:GeneratedType name="CatalogRef.Партнеры" category="Ref">
				<xr:TypeId>c0e00882-fdce-4981-90a3-1144895b30f9</xr:TypeId>
				<xr:ValueId>cba471f1-736e-49fa-8325-989e3aa120be</xr:ValueId>
			</xr:GeneratedType>
			<xr:GeneratedType name="CatalogSelection.Партнеры" category="Selection">
				<xr:TypeId>4f90399d-4071-4081-bd30-f05fce9626e1</xr:TypeId>
				<xr:ValueId>a1683e88-766a-4eec-a2a1-7c6447a5e41d</xr:ValueId>
			</xr:GeneratedType>
			<xr:GeneratedType name="CatalogList.Партнеры" category="List">
				<xr:TypeId>691a15b6-b8c8-45d3-9da5-ed5dcaca9828</xr:TypeId>
				<xr:ValueId>4b2e507f-5fb7-4157-9273-f7d11ef7c2c3</xr:ValueId>
			</xr:GeneratedType>
			<xr:GeneratedType name="CatalogManager.Партнеры" category="Manager">
				<xr:TypeId>b322a69e-0a19-4c81-b607-658e7a81e80c</xr:TypeId>
				<xr:ValueId>2d60247e-25f0-4d33-8140-63a175f1f7c4</xr:ValueId>
			</xr:GeneratedType>
		</InternalInfo>
		<Properties>
			<ObjectBelonging>Adopted</ObjectBelonging>
			<Name>Партнеры</Name>
			<Comment/>
			<ExtendedConfigurationObject>bf75bcc5-82ee-4bd0-89e1-420b42c99454</ExtendedConfigurationObject>
		</Properties>
		<ChildObjects/>
	</Catalog>
</MetaDataObject>