﻿<?xml version="1.0" encoding="UTF-8"?>
<MetaDataObject xmlns="http://v8.1c.ru/8.3/MDClasses" xmlns:app="http://v8.1c.ru/8.2/managed-application/core" xmlns:cfg="http://v8.1c.ru/8.1/data/enterprise/current-config" xmlns:cmi="http://v8.1c.ru/8.2/managed-application/cmi" xmlns:ent="http://v8.1c.ru/8.1/data/enterprise" xmlns:lf="http://v8.1c.ru/8.2/managed-application/logform" xmlns:style="http://v8.1c.ru/8.1/data/ui/style" xmlns:sys="http://v8.1c.ru/8.1/data/ui/fonts/system" xmlns:v8="http://v8.1c.ru/8.1/data/core" xmlns:v8ui="http://v8.1c.ru/8.1/data/ui" xmlns:web="http://v8.1c.ru/8.1/data/ui/colors/web" xmlns:win="http://v8.1c.ru/8.1/data/ui/colors/windows" xmlns:xen="http://v8.1c.ru/8.3/xcf/enums" xmlns:xpr="http://v8.1c.ru/8.3/xcf/predef" xmlns:xr="http://v8.1c.ru/8.3/xcf/readable" xmlns:xs="http://www.w3.org/2001/XMLSchema" xmlns:xsi="http://www.w3.org/2001/XMLSchema-instance" version="2.20">
	<Catalog uuid="5ac32255-a038-4eff-98e8-2a9dd3fba2f2">
		<InternalInfo>
			<xr:GeneratedType name="CatalogObject.СтавкиНДС" category="Object">
				<xr:TypeId>a3258d6e-abe2-4c80-a029-014fdaa993cd</xr:TypeId>
				<xr:ValueId>c9610c5e-24c3-4dbb-a487-03c79b83bbfa</xr:ValueId>
			</xr:GeneratedType>
			<xr:GeneratedType name="CatalogRef.СтавкиНДС" category="Ref">
				<xr:TypeId>8b87058e-62e2-4777-ac7f-59734db91138</xr:TypeId>
				<xr:ValueId>8633517b-5a89-45fc-be94-f9890b337099</xr:ValueId>
			</xr:GeneratedType>
			<xr:GeneratedType name="CatalogSelection.СтавкиНДС" category="Selection">
				<xr:TypeId>efab35ff-ba03-4ef4-a664-e8d81025df92</xr:TypeId>
				<xr:ValueId>106ad5ff-0820-4ecf-997a-8b155c63c57e</xr:ValueId>
			</xr:GeneratedType>
			<xr:GeneratedType name="CatalogList.СтавкиНДС" category="List">
				<xr:TypeId>5198c61f-d663-4b46-89f3-3728d91d2fde</xr:TypeId>
				<xr:ValueId>62080f87-4d39-42d9-b0e1-fba30ed48b6a</xr:ValueId>
			</xr:GeneratedType>
			<xr:GeneratedType name="CatalogManager.СтавкиНДС" category="Manager">
				<xr:TypeId>eef62ebb-240a-4cf5-8bdc-39726e639bc1</xr:TypeId>
				<xr:ValueId>3d655c17-b8f7-4187-b672-7f54bf32a489</xr:ValueId>
			</xr:GeneratedType>
		</InternalInfo>
		<Properties>
			<ObjectBelonging>Adopted</ObjectBelonging>
			<Name>СтавкиНДС</Name>
			<Comment/>
			<ExtendedConfigurationObject>c5ecf75c-face-47dc-af39-22056a5212f4</ExtendedConfigurationObject>
		</Properties>
		<ChildObjects/>
	</Catalog>
</MetaDataObject>