﻿<?xml version="1.0" encoding="UTF-8"?>
<MetaDataObject xmlns="http://v8.1c.ru/8.3/MDClasses" xmlns:app="http://v8.1c.ru/8.2/managed-application/core" xmlns:cfg="http://v8.1c.ru/8.1/data/enterprise/current-config" xmlns:cmi="http://v8.1c.ru/8.2/managed-application/cmi" xmlns:ent="http://v8.1c.ru/8.1/data/enterprise" xmlns:lf="http://v8.1c.ru/8.2/managed-application/logform" xmlns:style="http://v8.1c.ru/8.1/data/ui/style" xmlns:sys="http://v8.1c.ru/8.1/data/ui/fonts/system" xmlns:v8="http://v8.1c.ru/8.1/data/core" xmlns:v8ui="http://v8.1c.ru/8.1/data/ui" xmlns:web="http://v8.1c.ru/8.1/data/ui/colors/web" xmlns:win="http://v8.1c.ru/8.1/data/ui/colors/windows" xmlns:xen="http://v8.1c.ru/8.3/xcf/enums" xmlns:xpr="http://v8.1c.ru/8.3/xcf/predef" xmlns:xr="http://v8.1c.ru/8.3/xcf/readable" xmlns:xs="http://www.w3.org/2001/XMLSchema" xmlns:xsi="http://www.w3.org/2001/XMLSchema-instance" version="2.20">
	<Catalog uuid="1eab3b3d-1602-4d0b-aa31-7cdd3b4b55ab">
		<InternalInfo>
			<xr:GeneratedType name="CatalogObject.Контрагенты" category="Object">
				<xr:TypeId>aa7b356c-9f75-4024-90fa-65d12ee63ccb</xr:TypeId>
				<xr:ValueId>ddce3e1d-77b1-4aef-b8c2-6dd0f9de7036</xr:ValueId>
			</xr:GeneratedType>
			<xr:GeneratedType name="CatalogRef.Контрагенты" category="Ref">
				<xr:TypeId>297d6c5c-a0e1-4f61-84f4-70e779968106</xr:TypeId>
				<xr:ValueId>3592dd62-a9d2-47c5-8785-c4d8ebd4ef72</xr:ValueId>
			</xr:GeneratedType>
			<xr:GeneratedType name="CatalogSelection.Контрагенты" category="Selection">
				<xr:TypeId>f4d5e35e-09be-4333-9af0-bffea9557a11</xr:TypeId>
				<xr:ValueId>6bae662d-f7a0-475f-96ef-5d09ca1ec5b7</xr:ValueId>
			</xr:GeneratedType>
			<xr:GeneratedType name="CatalogList.Контрагенты" category="List">
				<xr:TypeId>cd59aa53-81da-49ff-836b-c43cbde94762</xr:TypeId>
				<xr:ValueId>23161b4f-98d9-4390-929b-0ed955dc1659</xr:ValueId>
			</xr:GeneratedType>
			<xr:GeneratedType name="CatalogManager.Контрагенты" category="Manager">
				<xr:TypeId>9017464b-add9-476a-b9e7-7b4160316369</xr:TypeId>
				<xr:ValueId>df0fb8db-fb3c-48d6-802a-1f7bc3d0dea4</xr:ValueId>
			</xr:GeneratedType>
		</InternalInfo>
		<Properties>
			<ObjectBelonging>Adopted</ObjectBelonging>
			<Name>Контрагенты</Name>
			<Comment/>
			<ExtendedConfigurationObject>4259c461-12b1-4f3e-8283-5927c75afdb6</ExtendedConfigurationObject>
		</Properties>
		<ChildObjects/>
	</Catalog>
</MetaDataObject>