﻿<?xml version="1.0" encoding="UTF-8"?>
<MetaDataObject xmlns="http://v8.1c.ru/8.3/MDClasses" xmlns:app="http://v8.1c.ru/8.2/managed-application/core" xmlns:cfg="http://v8.1c.ru/8.1/data/enterprise/current-config" xmlns:cmi="http://v8.1c.ru/8.2/managed-application/cmi" xmlns:ent="http://v8.1c.ru/8.1/data/enterprise" xmlns:lf="http://v8.1c.ru/8.2/managed-application/logform" xmlns:style="http://v8.1c.ru/8.1/data/ui/style" xmlns:sys="http://v8.1c.ru/8.1/data/ui/fonts/system" xmlns:v8="http://v8.1c.ru/8.1/data/core" xmlns:v8ui="http://v8.1c.ru/8.1/data/ui" xmlns:web="http://v8.1c.ru/8.1/data/ui/colors/web" xmlns:win="http://v8.1c.ru/8.1/data/ui/colors/windows" xmlns:xen="http://v8.1c.ru/8.3/xcf/enums" xmlns:xpr="http://v8.1c.ru/8.3/xcf/predef" xmlns:xr="http://v8.1c.ru/8.3/xcf/readable" xmlns:xs="http://www.w3.org/2001/XMLSchema" xmlns:xsi="http://www.w3.org/2001/XMLSchema-instance" version="2.20">
	<Catalog uuid="ac905d75-4fd2-4799-8224-83e8fcacf275">
		<InternalInfo>
			<xr:GeneratedType name="CatalogObject.ВидыНоменклатуры" category="Object">
				<xr:TypeId>b5a1465c-d0d3-48e9-b2f5-22f4a6978fb3</xr:TypeId>
				<xr:ValueId>5e6a35de-6951-4202-baa6-f9c2b83b6eb2</xr:ValueId>
			</xr:GeneratedType>
			<xr:GeneratedType name="CatalogRef.ВидыНоменклатуры" category="Ref">
				<xr:TypeId>aa2323d7-2a24-4762-84e4-6a68f0729a75</xr:TypeId>
				<xr:ValueId>8da77cf7-76d2-48bd-b53e-3e1a87a03b7d</xr:ValueId>
			</xr:GeneratedType>
			<xr:GeneratedType name="CatalogSelection.ВидыНоменклатуры" category="Selection">
				<xr:TypeId>ece88e3a-2158-4957-83ad-d0a78b464742</xr:TypeId>
				<xr:ValueId>87e5c59d-b24f-4172-b46a-518a7f16650a</xr:ValueId>
			</xr:GeneratedType>
			<xr:GeneratedType name="CatalogList.ВидыНоменклатуры" category="List">
				<xr:TypeId>720b9385-41eb-460b-9005-e7e7a9cd56c7</xr:TypeId>
				<xr:ValueId>8b67bd70-c1d1-4e1e-bfef-1b95e0b67ee3</xr:ValueId>
			</xr:GeneratedType>
			<xr:GeneratedType name="CatalogManager.ВидыНоменклатуры" category="Manager">
				<xr:TypeId>03cc779b-d543-46cf-8c5e-d59d503c23be</xr:TypeId>
				<xr:ValueId>eb9d7977-bd22-47ea-9785-9f3006f6ad33</xr:ValueId>
			</xr:GeneratedType>
		</InternalInfo>
		<Properties>
			<ObjectBelonging>Adopted</ObjectBelonging>
			<Name>ВидыНоменклатуры</Name>
			<Comment/>
			<ExtendedConfigurationObject>f3b86010-6dc9-4bd6-9fda-850ce2f2ea58</ExtendedConfigurationObject>
		</Properties>
		<ChildObjects/>
	</Catalog>
</MetaDataObject>