﻿<?xml version="1.0" encoding="UTF-8"?>
<MetaDataObject xmlns="http://v8.1c.ru/8.3/MDClasses" xmlns:app="http://v8.1c.ru/8.2/managed-application/core" xmlns:cfg="http://v8.1c.ru/8.1/data/enterprise/current-config" xmlns:cmi="http://v8.1c.ru/8.2/managed-application/cmi" xmlns:ent="http://v8.1c.ru/8.1/data/enterprise" xmlns:lf="http://v8.1c.ru/8.2/managed-application/logform" xmlns:style="http://v8.1c.ru/8.1/data/ui/style" xmlns:sys="http://v8.1c.ru/8.1/data/ui/fonts/system" xmlns:v8="http://v8.1c.ru/8.1/data/core" xmlns:v8ui="http://v8.1c.ru/8.1/data/ui" xmlns:web="http://v8.1c.ru/8.1/data/ui/colors/web" xmlns:win="http://v8.1c.ru/8.1/data/ui/colors/windows" xmlns:xen="http://v8.1c.ru/8.3/xcf/enums" xmlns:xpr="http://v8.1c.ru/8.3/xcf/predef" xmlns:xr="http://v8.1c.ru/8.3/xcf/readable" xmlns:xs="http://www.w3.org/2001/XMLSchema" xmlns:xsi="http://www.w3.org/2001/XMLSchema-instance" version="2.20">
	<Catalog uuid="ec4a8587-128c-4965-8d34-4285a805ed01">
		<InternalInfo>
			<xr:GeneratedType name="CatalogObject.Номенклатура" category="Object">
				<xr:TypeId>931d82e9-36d5-4956-854d-be6dc8d925ba</xr:TypeId>
				<xr:ValueId>0d37fb4e-3274-460c-a80f-bb73ab7ddb1e</xr:ValueId>
			</xr:GeneratedType>
			<xr:GeneratedType name="CatalogRef.Номенклатура" category="Ref">
				<xr:TypeId>01c69190-845c-4d4e-98a3-f1dd035d80be</xr:TypeId>
				<xr:ValueId>4464380b-c6c7-4a3c-8998-f30a247373ed</xr:ValueId>
			</xr:GeneratedType>
			<xr:GeneratedType name="CatalogSelection.Номенклатура" category="Selection">
				<xr:TypeId>98e042cf-6f39-4869-8370-144c9687ca91</xr:TypeId>
				<xr:ValueId>0fbfca95-c74c-4c8d-83bf-1cac600144c6</xr:ValueId>
			</xr:GeneratedType>
			<xr:GeneratedType name="CatalogList.Номенклатура" category="List">
				<xr:TypeId>e54e1b5b-e2af-431d-9840-d01dfb01709a</xr:TypeId>
				<xr:ValueId>b6e9c805-d309-4a47-9ab3-418c2c9b7e69</xr:ValueId>
			</xr:GeneratedType>
			<xr:GeneratedType name="CatalogManager.Номенклатура" category="Manager">
				<xr:TypeId>24573c83-938d-4cc5-91bb-038806d60013</xr:TypeId>
				<xr:ValueId>9c870083-9e1b-4fba-8d8a-b369cac95958</xr:ValueId>
			</xr:GeneratedType>
		</InternalInfo>
		<Properties>
			<ObjectBelonging>Adopted</ObjectBelonging>
			<Name>Номенклатура</Name>
			<Comment/>
			<ExtendedConfigurationObject>fc59acc3-f1f7-4e3f-96da-e580f2c5a88f</ExtendedConfigurationObject>
		</Properties>
		<ChildObjects>
			<Attribute uuid="631f6761-6344-42a0-a57e-c42ce9c34368">
				<InternalInfo/>
				<Properties>
					<ObjectBelonging>Adopted</ObjectBelonging>
					<Name>ВидНоменклатуры</Name>
					<Comment/>
					<ExtendedConfigurationObject>09a12ed1-441d-49a8-9f36-2093735e8d37</ExtendedConfigurationObject>
					<Type>
						<v8:Type>cfg:CatalogRef.ВидыНоменклатуры</v8:Type>
					</Type>
				</Properties>
			</Attribute>
			<Attribute uuid="a7fe2b93-006d-41c2-b2e3-cb6d3d59281b">
				<Properties>
					<Name>ГозКонтракт</Name>
					<Synonym>
						<v8:item>
							<v8:lang>ru</v8:lang>
							<v8:content>ГОЗ контракт</v8:content>
						</v8:item>
					</Synonym>
					<Comment/>
					<Type>
						<v8:Type>cfg:DocumentRef.КонтрактыГОЗ</v8:Type>
					</Type>
					<PasswordMode>false</PasswordMode>
					<Format/>
					<EditFormat/>
					<ToolTip/>
					<MarkNegatives>false</MarkNegatives>
					<Mask/>
					<MultiLine>false</MultiLine>
					<ExtendedEdit>false</ExtendedEdit>
					<MinValue xsi:nil="true"/>
					<MaxValue xsi:nil="true"/>
					<FillFromFillingValue>false</FillFromFillingValue>
					<FillValue xsi:nil="true"/>
					<FillChecking>DontCheck</FillChecking>
					<ChoiceFoldersAndItems>Items</ChoiceFoldersAndItems>
					<ChoiceParameterLinks/>
					<ChoiceParameters/>
					<QuickChoice>Auto</QuickChoice>
					<CreateOnInput>Auto</CreateOnInput>
					<ChoiceForm/>
					<LinkByType/>
					<ChoiceHistoryOnInput>Auto</ChoiceHistoryOnInput>
					<Use>ForItem</Use>
					<Indexing>DontIndex</Indexing>
					<FullTextSearch>Use</FullTextSearch>
					<DataHistory>Use</DataHistory>
				</Properties>
			</Attribute>
			<Attribute uuid="29e9a83a-3ee5-4cdc-ad0a-cea4fe4a24d4">
				<InternalInfo/>
				<Properties>
					<ObjectBelonging>Adopted</ObjectBelonging>
					<Name>ЕдиницаИзмерения</Name>
					<Comment/>
					<ExtendedConfigurationObject>3d295926-ac21-4f62-b76e-64c929f1fc0e</ExtendedConfigurationObject>
					<Type>
						<v8:Type>cfg:CatalogRef.УпаковкиЕдиницыИзмерения</v8:Type>
					</Type>
				</Properties>
			</Attribute>
			<Form>ФормаЭлемента</Form>
		</ChildObjects>
	</Catalog>
</MetaDataObject>