﻿<?xml version="1.0" encoding="UTF-8"?>
<MetaDataObject xmlns="http://v8.1c.ru/8.3/MDClasses" xmlns:app="http://v8.1c.ru/8.2/managed-application/core" xmlns:cfg="http://v8.1c.ru/8.1/data/enterprise/current-config" xmlns:cmi="http://v8.1c.ru/8.2/managed-application/cmi" xmlns:ent="http://v8.1c.ru/8.1/data/enterprise" xmlns:lf="http://v8.1c.ru/8.2/managed-application/logform" xmlns:style="http://v8.1c.ru/8.1/data/ui/style" xmlns:sys="http://v8.1c.ru/8.1/data/ui/fonts/system" xmlns:v8="http://v8.1c.ru/8.1/data/core" xmlns:v8ui="http://v8.1c.ru/8.1/data/ui" xmlns:web="http://v8.1c.ru/8.1/data/ui/colors/web" xmlns:win="http://v8.1c.ru/8.1/data/ui/colors/windows" xmlns:xen="http://v8.1c.ru/8.3/xcf/enums" xmlns:xpr="http://v8.1c.ru/8.3/xcf/predef" xmlns:xr="http://v8.1c.ru/8.3/xcf/readable" xmlns:xs="http://www.w3.org/2001/XMLSchema" xmlns:xsi="http://www.w3.org/2001/XMLSchema-instance" version="2.20">
	<Catalog uuid="ad0b811c-2acf-486b-8365-05e40be00ce9">
		<InternalInfo>
			<xr:GeneratedType name="CatalogObject.ХарактеристикиНоменклатуры" category="Object">
				<xr:TypeId>535a5a21-f688-4df4-b023-b00df90e657e</xr:TypeId>
				<xr:ValueId>ae1edc0c-c2c8-4c30-8faa-29300b634a93</xr:ValueId>
			</xr:GeneratedType>
			<xr:GeneratedType name="CatalogRef.ХарактеристикиНоменклатуры" category="Ref">
				<xr:TypeId>b0ce106f-a5ef-4c17-b4b7-08f3358e4f74</xr:TypeId>
				<xr:ValueId>b52eca5c-87ac-4c57-99db-b7b726cc8cd1</xr:ValueId>
			</xr:GeneratedType>
			<xr:GeneratedType name="CatalogSelection.ХарактеристикиНоменклатуры" category="Selection">
				<xr:TypeId>814f3285-daae-4eb1-9a34-4b9b4d03d19f</xr:TypeId>
				<xr:ValueId>2e3c5da0-610d-4710-b6fd-5daea88f9551</xr:ValueId>
			</xr:GeneratedType>
			<xr:GeneratedType name="CatalogList.ХарактеристикиНоменклатуры" category="List">
				<xr:TypeId>c4c9cff6-d76c-4259-bcd0-c65399cef8cd</xr:TypeId>
				<xr:ValueId>a42f8df9-eed7-43c3-b515-18ae4724f674</xr:ValueId>
			</xr:GeneratedType>
			<xr:GeneratedType name="CatalogManager.ХарактеристикиНоменклатуры" category="Manager">
				<xr:TypeId>81c2274d-b74c-4ad4-9eaf-d6de07b704a5</xr:TypeId>
				<xr:ValueId>7345ef27-a3b6-4019-8e38-dcf3737d76f4</xr:ValueId>
			</xr:GeneratedType>
		</InternalInfo>
		<Properties>
			<ObjectBelonging>Adopted</ObjectBelonging>
			<Name>ХарактеристикиНоменклатуры</Name>
			<Comment/>
			<ExtendedConfigurationObject>5a8b11e6-8638-458b-b52c-cc33fe97d255</ExtendedConfigurationObject>
		</Properties>
		<ChildObjects/>
	</Catalog>
</MetaDataObject>