﻿<?xml version="1.0" encoding="UTF-8"?>
<MetaDataObject xmlns="http://v8.1c.ru/8.3/MDClasses" xmlns:app="http://v8.1c.ru/8.2/managed-application/core" xmlns:cfg="http://v8.1c.ru/8.1/data/enterprise/current-config" xmlns:cmi="http://v8.1c.ru/8.2/managed-application/cmi" xmlns:ent="http://v8.1c.ru/8.1/data/enterprise" xmlns:lf="http://v8.1c.ru/8.2/managed-application/logform" xmlns:style="http://v8.1c.ru/8.1/data/ui/style" xmlns:sys="http://v8.1c.ru/8.1/data/ui/fonts/system" xmlns:v8="http://v8.1c.ru/8.1/data/core" xmlns:v8ui="http://v8.1c.ru/8.1/data/ui" xmlns:web="http://v8.1c.ru/8.1/data/ui/colors/web" xmlns:win="http://v8.1c.ru/8.1/data/ui/colors/windows" xmlns:xen="http://v8.1c.ru/8.3/xcf/enums" xmlns:xpr="http://v8.1c.ru/8.3/xcf/predef" xmlns:xr="http://v8.1c.ru/8.3/xcf/readable" xmlns:xs="http://www.w3.org/2001/XMLSchema" xmlns:xsi="http://www.w3.org/2001/XMLSchema-instance" version="2.20">
	<DataProcessor uuid="a9b73d4e-fd4c-45c1-8a29-fbb4c6f43c13">
		<InternalInfo>
			<xr:GeneratedType name="DataProcessorObject.КлиентБанк" category="Object">
				<xr:TypeId>402cfb9d-b6bd-4b29-8acb-edcc950ddb8a</xr:TypeId>
				<xr:ValueId>6adad15c-9d60-4335-8718-cefebe74c072</xr:ValueId>
			</xr:GeneratedType>
			<xr:GeneratedType name="DataProcessorManager.КлиентБанк" category="Manager">
				<xr:TypeId>f6ac7b6e-819d-4788-bfb8-29239dcf83da</xr:TypeId>
				<xr:ValueId>d35422ae-b993-40b8-a489-1c1cf09e2a60</xr:ValueId>
			</xr:GeneratedType>
			<xr:PropertyState>
				<xr:Property>ObjectModule</xr:Property>
				<xr:State>Extended</xr:State>
			</xr:PropertyState>
		</InternalInfo>
		<Properties>
			<ObjectBelonging>Adopted</ObjectBelonging>
			<Name>КлиентБанк</Name>
			<Comment/>
			<ExtendedConfigurationObject>932c92cb-d0b7-48ed-be1a-3b25fe992fa9</ExtendedConfigurationObject>
		</Properties>
		<ChildObjects/>
	</DataProcessor>
</MetaDataObject>