﻿<?xml version="1.0" encoding="UTF-8"?>
<MetaDataObject xmlns="http://v8.1c.ru/8.3/MDClasses" xmlns:app="http://v8.1c.ru/8.2/managed-application/core" xmlns:cfg="http://v8.1c.ru/8.1/data/enterprise/current-config" xmlns:cmi="http://v8.1c.ru/8.2/managed-application/cmi" xmlns:ent="http://v8.1c.ru/8.1/data/enterprise" xmlns:lf="http://v8.1c.ru/8.2/managed-application/logform" xmlns:style="http://v8.1c.ru/8.1/data/ui/style" xmlns:sys="http://v8.1c.ru/8.1/data/ui/fonts/system" xmlns:v8="http://v8.1c.ru/8.1/data/core" xmlns:v8ui="http://v8.1c.ru/8.1/data/ui" xmlns:web="http://v8.1c.ru/8.1/data/ui/colors/web" xmlns:win="http://v8.1c.ru/8.1/data/ui/colors/windows" xmlns:xen="http://v8.1c.ru/8.3/xcf/enums" xmlns:xpr="http://v8.1c.ru/8.3/xcf/predef" xmlns:xr="http://v8.1c.ru/8.3/xcf/readable" xmlns:xs="http://www.w3.org/2001/XMLSchema" xmlns:xsi="http://www.w3.org/2001/XMLSchema-instance" version="2.20">
	<DataProcessor uuid="2ee9fea7-db9b-413e-b17a-391f9c33e9d5">
		<InternalInfo>
			<xr:GeneratedType name="DataProcessorObject.ПечатьСерийныхНомеров" category="Object">
				<xr:TypeId>9b34245d-af11-46cf-8644-837ec529d722</xr:TypeId>
				<xr:ValueId>3a52a4e7-a95c-48f6-bf42-3d2ceee41599</xr:ValueId>
			</xr:GeneratedType>
			<xr:GeneratedType name="DataProcessorManager.ПечатьСерийныхНомеров" category="Manager">
				<xr:TypeId>b097c73d-df6e-4327-b7a0-4a5405640df3</xr:TypeId>
				<xr:ValueId>35021fe4-10ca-4d43-9893-b4603e73780a</xr:ValueId>
			</xr:GeneratedType>
		</InternalInfo>
		<Properties>
			<Name>ПечатьСерийныхНомеров</Name>
			<Synonym>
				<v8:item>
					<v8:lang>ru</v8:lang>
					<v8:content>Печать серийных номеров</v8:content>
				</v8:item>
			</Synonym>
			<Comment/>
			<UseStandardCommands>true</UseStandardCommands>
			<DefaultForm>DataProcessor.ПечатьСерийныхНомеров.Form.Форма</DefaultForm>
			<AuxiliaryForm/>
			<IncludeHelpInContents>false</IncludeHelpInContents>
			<ExtendedPresentation/>
			<Explanation/>
		</Properties>
		<ChildObjects>
			<Form>Форма</Form>
			<Template>Макет</Template>
			<Template>Макет1</Template>
			<Template>МакетОптоволокно</Template>
			<Template>МакетОптоволокно1</Template>
			<Template>Макет6S12Ah</Template>
			<Template>Макет8S16Ah</Template>
		</ChildObjects>
	</DataProcessor>
</MetaDataObject>