﻿<?xml version="1.0" encoding="UTF-8"?>
<MetaDataObject xmlns="http://v8.1c.ru/8.3/MDClasses" xmlns:app="http://v8.1c.ru/8.2/managed-application/core" xmlns:cfg="http://v8.1c.ru/8.1/data/enterprise/current-config" xmlns:cmi="http://v8.1c.ru/8.2/managed-application/cmi" xmlns:ent="http://v8.1c.ru/8.1/data/enterprise" xmlns:lf="http://v8.1c.ru/8.2/managed-application/logform" xmlns:style="http://v8.1c.ru/8.1/data/ui/style" xmlns:sys="http://v8.1c.ru/8.1/data/ui/fonts/system" xmlns:v8="http://v8.1c.ru/8.1/data/core" xmlns:v8ui="http://v8.1c.ru/8.1/data/ui" xmlns:web="http://v8.1c.ru/8.1/data/ui/colors/web" xmlns:win="http://v8.1c.ru/8.1/data/ui/colors/windows" xmlns:xen="http://v8.1c.ru/8.3/xcf/enums" xmlns:xpr="http://v8.1c.ru/8.3/xcf/predef" xmlns:xr="http://v8.1c.ru/8.3/xcf/readable" xmlns:xs="http://www.w3.org/2001/XMLSchema" xmlns:xsi="http://www.w3.org/2001/XMLSchema-instance" version="2.20">
	<Subsystem uuid="d1250d1e-85e1-491a-81e4-f7c562e9664a">
		<Properties>
			<Name>РаздельныйУчетГОЗ</Name>
			<Synonym>
				<v8:item>
					<v8:lang>ru</v8:lang>
					<v8:content>Раздельный учет ГОЗ</v8:content>
				</v8:item>
			</Synonym>
			<Comment/>
			<IncludeHelpInContents>true</IncludeHelpInContents>
			<IncludeInCommandInterface>true</IncludeInCommandInterface>
			<UseOneCommand>false</UseOneCommand>
			<Explanation/>
			<Picture>
				<xr:Ref>CommonPicture.Buro1Goz_GOZ</xr:Ref>
				<xr:LoadTransparent>true</xr:LoadTransparent>
			</Picture>
			<Content>
				<xr:Item xsi:type="xr:MDObjectRef">Document.КонтрактыГОЗ</xr:Item>
				<xr:Item xsi:type="xr:MDObjectRef">Catalog.ПредопределенныеЗначения</xr:Item>
				<xr:Item xsi:type="xr:MDObjectRef">Report.ТоварыДляРаспределения</xr:Item>
				<xr:Item xsi:type="xr:MDObjectRef">Report.СерийныеНомераНаСкладе</xr:Item>
				<xr:Item xsi:type="xr:MDObjectRef">Report.ЗакупкиТоваров</xr:Item>
				<xr:Item xsi:type="xr:MDObjectRef">Document.B1_СканированиеНомеровНаСклад</xr:Item>
				<xr:Item xsi:type="xr:MDObjectRef">DataProcessor.ОтображениеДокументовПоСерийникам</xr:Item>
				<xr:Item xsi:type="xr:MDObjectRef">DataProcessor.РаспределитьТовар</xr:Item>
				<xr:Item xsi:type="xr:MDObjectRef">Report.ЗакупкиТоваровПоКонтрактамГОЗ</xr:Item>
				<xr:Item xsi:type="xr:MDObjectRef">Report.ОплатыПоКонтракту</xr:Item>
				<xr:Item xsi:type="xr:MDObjectRef">InformationRegister.НастройкаСобственныхСерийныхНомеров</xr:Item>
				<xr:Item xsi:type="xr:MDObjectRef">Document.B1_ГенерацияСерийныхНомеров</xr:Item>
				<xr:Item xsi:type="xr:MDObjectRef">DataProcessor.КонтрольДвиженийПоУправленческойОрганизации</xr:Item>
			</Content>
		</Properties>
		<ChildObjects/>
	</Subsystem>
</MetaDataObject>