﻿<?xml version="1.0" encoding="UTF-8"?>
<Rights xmlns="http://v8.1c.ru/8.2/roles" xmlns:xs="http://www.w3.org/2001/XMLSchema" xmlns:xsi="http://www.w3.org/2001/XMLSchema-instance" xsi:type="Rights" version="2.20">
	<setForNewObjects>false</setForNewObjects>
	<setForAttributesByDefault>true</setForAttributesByDefault>
	<independentRightsOfChildObjects>false</independentRightsOfChildObjects>
	<object>
		<name>Document.КонтрактыГОЗ</name>
		<right>
			<name>Read</name>
			<value>true</value>
		</right>
		<right>
			<name>Insert</name>
			<value>true</value>
		</right>
		<right>
			<name>Update</name>
			<value>true</value>
		</right>
		<right>
			<name>Posting</name>
			<value>true</value>
		</right>
		<right>
			<name>UndoPosting</name>
			<value>true</value>
		</right>
		<right>
			<name>View</name>
			<value>true</value>
		</right>
		<right>
			<name>InteractiveInsert</name>
			<value>true</value>
		</right>
		<right>
			<name>Edit</name>
			<value>true</value>
		</right>
		<right>
			<name>InteractiveSetDeletionMark</name>
			<value>true</value>
		</right>
		<right>
			<name>InteractiveClearDeletionMark</name>
			<value>true</value>
		</right>
		<right>
			<name>InteractivePosting</name>
			<value>true</value>
		</right>
		<right>
			<name>InteractivePostingRegular</name>
			<value>true</value>
		</right>
		<right>
			<name>InteractiveUndoPosting</name>
			<value>true</value>
		</right>
		<right>
			<name>InteractiveChangeOfPosted</name>
			<value>true</value>
		</right>
		<right>
			<name>InputByString</name>
			<value>true</value>
		</right>
	</object>
	<object>
		<name>Configuration.Buro1_Goz</name>
		<right>
			<name>ThinClient</name>
			<value>true</value>
		</right>
		<right>
			<name>WebClient</name>
			<value>true</value>
		</right>
		<right>
			<name>MobileClient</name>
			<value>true</value>
		</right>
		<right>
			<name>MainWindowModeNormal</name>
			<value>true</value>
		</right>
		<right>
			<name>MainWindowModeWorkplace</name>
			<value>true</value>
		</right>
		<right>
			<name>MainWindowModeEmbeddedWorkplace</name>
			<value>true</value>
		</right>
		<right>
			<name>MainWindowModeFullscreenWorkplace</name>
			<value>true</value>
		</right>
		<right>
			<name>MainWindowModeKiosk</name>
			<value>true</value>
		</right>
		<right>
			<name>AnalyticsSystemClient</name>
			<value>true</value>
		</right>
		<right>
			<name>SaveUserData</name>
			<value>true</value>
		</right>
		<right>
			<name>Output</name>
			<value>true</value>
		</right>
	</object>
	<object>
		<name>Report.ТоварыДляРаспределения</name>
		<right>
			<name>Use</name>
			<value>true</value>
		</right>
		<right>
			<name>View</name>
			<value>true</value>
		</right>
	</object>
	<object>
		<name>Report.СерийныеНомераНаСкладе</name>
		<right>
			<name>Use</name>
			<value>true</value>
		</right>
		<right>
			<name>View</name>
			<value>true</value>
		</right>
	</object>
</Rights>